subset	ensembl_gene_id
a	ENSMUSG00000060890
a	ENSMUSG00000058831
a	ENSMUSG00000030324
a	ENSMUSG00000009108
a	ENSMUSG00000037885
a	ENSMUSG00000031450
a	ENSMUSG00000035504
a	ENSMUSG00000113924
a	ENSMUSG00000056043
a	ENSMUSG00000025340
a	ENSMUSG00000034837
a	ENSMUSG00000096740
a	ENSMUSG00000056055
a	ENSMUSG00000023978
a	ENSMUSG00000026409
a	ENSMUSG00000029672
a	ENSMUSG00000096351
a	ENSMUSG00000039672
a	ENSMUSG00000021255
a	ENSMUSG00000025860
a	ENSMUSG00000021221
a	ENSMUSG00000024992
a	ENSMUSG00000006007
a	ENSMUSG00000029064
a	ENSMUSG00000054792
a	ENSMUSG00000024575
a	ENSMUSG00000034829
a	ENSMUSG00000027360
a	ENSMUSG00000005583
a	ENSMUSG00000001211
a	ENSMUSG00000034320
a	ENSMUSG00000022836
a	ENSMUSG00000024227
a	ENSMUSG00000089917
a	ENSMUSG00000036395
a	ENSMUSG00000014164
a	ENSMUSG00000025900
a	ENSMUSG00000003657
a	ENSMUSG00000023979
a	ENSMUSG00000041920
a	ENSMUSG00000025437
a	ENSMUSG00000024901
a	ENSMUSG00000031293
a	ENSMUSG00000054717
a	ENSMUSG00000025076
a	ENSMUSG00000079550
a	ENSMUSG00000003500
a	ENSMUSG00000058966
a	ENSMUSG00000031966
a	ENSMUSG00000071984
a	ENSMUSG00000078588
a	ENSMUSG00000079173
a	ENSMUSG00000054150
a	ENSMUSG00000031491
a	ENSMUSG00000055865
a	ENSMUSG00000005124
a	ENSMUSG00000030956
a	ENSMUSG00000034452
a	ENSMUSG00000029491
a	ENSMUSG00000118515
a	ENSMUSG00000021123
a	ENSMUSG00000058743
a	ENSMUSG00000002058
a	ENSMUSG00000027589
a	ENSMUSG00000067220
a	ENSMUSG00000018362
a	ENSMUSG00000043987
a	ENSMUSG00000035181
a	ENSMUSG00000023982
a	ENSMUSG00000057337
a	ENSMUSG00000020890
a	ENSMUSG00000038886
a	ENSMUSG00000038963
a	ENSMUSG00000019970
a	ENSMUSG00000026457
a	ENSMUSG00000004655
a	ENSMUSG00000031394
a	ENSMUSG00000018076
a	ENSMUSG00000039307
a	ENSMUSG00000041528
a	ENSMUSG00000019978
a	ENSMUSG00000048617
a	ENSMUSG00000032249
a	ENSMUSG00000029410
a	ENSMUSG00000044724
a	ENSMUSG00000053205
a	ENSMUSG00000056752
a	ENSMUSG00000041578
a	ENSMUSG00000039285
a	ENSMUSG00000032087
a	ENSMUSG00000035517
a	ENSMUSG00000037318
a	ENSMUSG00000039629
a	ENSMUSG00000063681
a	ENSMUSG00000052609
a	ENSMUSG00000037446
a	ENSMUSG00000025386
a	ENSMUSG00000041642
a	ENSMUSG00000041817
a	ENSMUSG00000052698
a	ENSMUSG00000017344
a	ENSMUSG00000026819
a	ENSMUSG00000061288
a	ENSMUSG00000047298
a	ENSMUSG00000028957
a	ENSMUSG00000025582
a	ENSMUSG00000029769
a	ENSMUSG00000030283
a	ENSMUSG00000054321
a	ENSMUSG00000031789
a	ENSMUSG00000037325
a	ENSMUSG00000028542
a	ENSMUSG00000027168
a	ENSMUSG00000002957
a	ENSMUSG00000030402
a	ENSMUSG00000030523
a	ENSMUSG00000038515
a	ENSMUSG00000027674
a	ENSMUSG00000046110
a	ENSMUSG00000089669
a	ENSMUSG00000028222
a	ENSMUSG00000004630
a	ENSMUSG00000031142
a	ENSMUSG00000041534
a	ENSMUSG00000033416
a	ENSMUSG00000111551
a	ENSMUSG00000028649
a	ENSMUSG00000021384
a	ENSMUSG00000024842
a	ENSMUSG00000020907
a	ENSMUSG00000058498
a	ENSMUSG00000067158
a	ENSMUSG00000034832
a	ENSMUSG00000036473
a	ENSMUSG00000051977
a	ENSMUSG00000027715
a	ENSMUSG00000032599
a	ENSMUSG00000018427
a	ENSMUSG00000042726
a	ENSMUSG00000020212
a	ENSMUSG00000044375
a	ENSMUSG00000079465
a	ENSMUSG00000019772
a	ENSMUSG00000074259
a	ENSMUSG00000071647
a	ENSMUSG00000064330
a	ENSMUSG00000090035
a	ENSMUSG00000050619
a	ENSMUSG00000030256
a	ENSMUSG00000005233
a	ENSMUSG00000041488
a	ENSMUSG00000071646
a	ENSMUSG00000026672
a	ENSMUSG00000032855
a	ENSMUSG00000074264
a	ENSMUSG00000024654
a	ENSMUSG00000040681
a	ENSMUSG00000071653
a	ENSMUSG00000046275
a	ENSMUSG00000057440
a	ENSMUSG00000037593
a	ENSMUSG00000030265
a	ENSMUSG00000059434
a	ENSMUSG00000024424
a	ENSMUSG00000038241
a	ENSMUSG00000028977
a	ENSMUSG00000118646
a	ENSMUSG00000066152
a	ENSMUSG00000017843
a	ENSMUSG00000045672
a	ENSMUSG00000042282
a	ENSMUSG00000001103
a	ENSMUSG00000022844
a	ENSMUSG00000057421
a	ENSMUSG00000034311
a	ENSMUSG00000026797
a	ENSMUSG00000043557
a	ENSMUSG00000034274
a	ENSMUSG00000048546
a	ENSMUSG00000005225
a	ENSMUSG00000112972
a	ENSMUSG00000049969
a	ENSMUSG00000031824
a	ENSMUSG00000019487
a	ENSMUSG00000024743
a	ENSMUSG00000029055
a	ENSMUSG00000003810
a	ENSMUSG00000030657
a	ENSMUSG00000016356
a	ENSMUSG00000074794
a	ENSMUSG00000028125
a	ENSMUSG00000027634
a	ENSMUSG00000027367
a	ENSMUSG00000027309
a	ENSMUSG00000037995
a	ENSMUSG00000027883
a	ENSMUSG00000013846
a	ENSMUSG00000006649
a	ENSMUSG00000041609
a	ENSMUSG00000049811
a	ENSMUSG00000042210
a	ENSMUSG00000018752
a	ENSMUSG00000111824
a	ENSMUSG00000095930
a	ENSMUSG00000005649
a	ENSMUSG00000112349
a	ENSMUSG00000022994
a	ENSMUSG00000024112
a	ENSMUSG00000031558
a	ENSMUSG00000087141
a	ENSMUSG00000031028
a	ENSMUSG00000038811
a	ENSMUSG00000087569
a	ENSMUSG00000025927
a	ENSMUSG00000021928
a	ENSMUSG00000074652
a	ENSMUSG00000075410
a	ENSMUSG00000021013
a	ENSMUSG00000047034
a	ENSMUSG00000050132
a	ENSMUSG00000026475
a	ENSMUSG00000020718
a	ENSMUSG00000011179
a	ENSMUSG00000048154
a	ENSMUSG00000019850
a	ENSMUSG00000031492
a	ENSMUSG00000000738
a	ENSMUSG00000036061
a	ENSMUSG00000037936
a	ENSMUSG00000018750
a	ENSMUSG00000038026
a	ENSMUSG00000010175
a	ENSMUSG00000041741
a	ENSMUSG00000026193
a	ENSMUSG00000035539
a	ENSMUSG00000023495
a	ENSMUSG00000028188
a	ENSMUSG00000039763
a	ENSMUSG00000034295
a	ENSMUSG00000116166
a	ENSMUSG00000057286
a	ENSMUSG00000040632
a	ENSMUSG00000048503
a	ENSMUSG00000063142
a	ENSMUSG00000025650
a	ENSMUSG00000036054
a	ENSMUSG00000017400
a	ENSMUSG00000097886
a	ENSMUSG00000033849
a	ENSMUSG00000079484
a	ENSMUSG00000002055
a	ENSMUSG00000061411
a	ENSMUSG00000050711
a	ENSMUSG00000079523
a	ENSMUSG00000020937
a	ENSMUSG00000040125
a	ENSMUSG00000031637
a	ENSMUSG00000039114
a	ENSMUSG00000021009
a	ENSMUSG00000072624
a	ENSMUSG00000050786
a	ENSMUSG00000020069
a	ENSMUSG00000074365
a	ENSMUSG00000033419
a	ENSMUSG00000001120
a	ENSMUSG00000042671
a	ENSMUSG00000056494
a	ENSMUSG00000025496
a	ENSMUSG00000030787
a	ENSMUSG00000053420
a	ENSMUSG00000046049
a	ENSMUSG00000038828
a	ENSMUSG00000035126
a	ENSMUSG00000070880
a	ENSMUSG00000113393
a	ENSMUSG00000028842
a	ENSMUSG00000071648
a	ENSMUSG00000087298
a	ENSMUSG00000054752
a	ENSMUSG00000049550
a	ENSMUSG00000020089
a	ENSMUSG00000069170
a	ENSMUSG00000053773
a	ENSMUSG00000038312
a	ENSMUSG00000027284
a	ENSMUSG00000034786
a	ENSMUSG00000003038
a	ENSMUSG00000028630
a	ENSMUSG00000018378
a	ENSMUSG00000054074
a	ENSMUSG00000079055
a	ENSMUSG00000036854
a	ENSMUSG00000042826
a	ENSMUSG00000001027
a	ENSMUSG00000028766
a	ENSMUSG00000029544
a	ENSMUSG00000031441
a	ENSMUSG00000059810
a	ENSMUSG00000013593
a	ENSMUSG00000028906
a	ENSMUSG00000050229
a	ENSMUSG00000048376
a	ENSMUSG00000005204
a	ENSMUSG00000063229
a	ENSMUSG00000028101
a	ENSMUSG00000053702
a	ENSMUSG00000039789
a	ENSMUSG00000037400
a	ENSMUSG00000026930
a	ENSMUSG00000043467
a	ENSMUSG00000081683
a	ENSMUSG00000035024
a	ENSMUSG00000112808
a	ENSMUSG00000042251
a	ENSMUSG00000028255
a	ENSMUSG00000020486
a	ENSMUSG00000030878
a	ENSMUSG00000114123
a	ENSMUSG00000079108
a	ENSMUSG00000026141
a	ENSMUSG00000021730
a	ENSMUSG00000026014
a	ENSMUSG00000037957
a	ENSMUSG00000108218
a	ENSMUSG00000041261
a	ENSMUSG00000020661
a	ENSMUSG00000038056
a	ENSMUSG00000026933
a	ENSMUSG00000075706
a	ENSMUSG00000024993
a	ENSMUSG00000028456
a	ENSMUSG00000032384
a	ENSMUSG00000021775
a	ENSMUSG00000026667
a	ENSMUSG00000001419
a	ENSMUSG00000037112
a	ENSMUSG00000111485
a	ENSMUSG00000032332
a	ENSMUSG00000025035
a	ENSMUSG00000117877
a	ENSMUSG00000105207
a	ENSMUSG00000114367
a	ENSMUSG00000087235
a	ENSMUSG00000025787
a	ENSMUSG00000113395
a	ENSMUSG00000090115
a	ENSMUSG00000047496
a	ENSMUSG00000008206
a	ENSMUSG00000024589
a	ENSMUSG00000040111
a	ENSMUSG00000053907
a	ENSMUSG00000037266
a	ENSMUSG00000021803
a	ENSMUSG00000045776
a	ENSMUSG00000063077
a	ENSMUSG00000070730
a	ENSMUSG00000027332
a	ENSMUSG00000036197
a	ENSMUSG00000037336
a	ENSMUSG00000020279
a	ENSMUSG00000025085
a	ENSMUSG00000034684
a	ENSMUSG00000113795
a	ENSMUSG00000051000
a	ENSMUSG00000030310
a	ENSMUSG00000052085
a	ENSMUSG00000021270
a	ENSMUSG00000019232
a	ENSMUSG00000032902
a	ENSMUSG00000032292
a	ENSMUSG00000095595
a	ENSMUSG00000022564
a	ENSMUSG00000025417
a	ENSMUSG00000115279
a	ENSMUSG00000026669
a	ENSMUSG00000031530
a	ENSMUSG00000040722
a	ENSMUSG00000041794
a	ENSMUSG00000035283
a	ENSMUSG00000002249
a	ENSMUSG00000029651
a	ENSMUSG00000040896
a	ENSMUSG00000009828
a	ENSMUSG00000040761
a	ENSMUSG00000027981
a	ENSMUSG00000097328
a	ENSMUSG00000018574
a	ENSMUSG00000000617
a	ENSMUSG00000007570
a	ENSMUSG00000046593
a	ENSMUSG00000030064
a	ENSMUSG00000031586
a	ENSMUSG00000035403
a	ENSMUSG00000033080
a	ENSMUSG00000019889
a	ENSMUSG00000042258
a	ENSMUSG00000064179
a	ENSMUSG00000045817
a	ENSMUSG00000036834
a	ENSMUSG00000028909
a	ENSMUSG00000025092
a	ENSMUSG00000030513
a	ENSMUSG00000020021
a	ENSMUSG00000022935
a	ENSMUSG00000020053
a	ENSMUSG00000030527
a	ENSMUSG00000019139
a	ENSMUSG00000062519
a	ENSMUSG00000048540
a	ENSMUSG00000087370
a	ENSMUSG00000036192
a	ENSMUSG00000021196
a	ENSMUSG00000026114
a	ENSMUSG00000043004
a	ENSMUSG00000048015
a	ENSMUSG00000000276
a	ENSMUSG00000114004
a	ENSMUSG00000094472
a	ENSMUSG00000063450
a	ENSMUSG00000034796
a	ENSMUSG00000020431
a	ENSMUSG00000038319
a	ENSMUSG00000042650
a	ENSMUSG00000020108
a	ENSMUSG00000029166
a	ENSMUSG00000020912
a	ENSMUSG00000020640
a	ENSMUSG00000025323
a	ENSMUSG00000035615
a	ENSMUSG00000052534
a	ENSMUSG00000024647
a	ENSMUSG00000085328
a	ENSMUSG00000020262
a	ENSMUSG00000010064
a	ENSMUSG00000007950
a	ENSMUSG00000021957
a	ENSMUSG00000002028
a	ENSMUSG00000039065
a	ENSMUSG00000022999
a	ENSMUSG00000039728
a	ENSMUSG00000074925
a	ENSMUSG00000027488
a	ENSMUSG00000029088
a	ENSMUSG00000038658
a	ENSMUSG00000029420
a	ENSMUSG00000028876
a	ENSMUSG00000093865
a	ENSMUSG00000035476
a	ENSMUSG00000002228
a	ENSMUSG00000036964
a	ENSMUSG00000062151
a	ENSMUSG00000032131
a	ENSMUSG00000021313
a	ENSMUSG00000033871
a	ENSMUSG00000033319
a	ENSMUSG00000025195
a	ENSMUSG00000024900
a	ENSMUSG00000030276
a	ENSMUSG00000066892
a	ENSMUSG00000094595
a	ENSMUSG00000024210
a	ENSMUSG00000039158
a	ENSMUSG00000024835
a	ENSMUSG00000042535
a	ENSMUSG00000020866
a	ENSMUSG00000024924
a	ENSMUSG00000025515
a	ENSMUSG00000028137
a	ENSMUSG00000028832
a	ENSMUSG00000027238
a	ENSMUSG00000037012
a	ENSMUSG00000040865
a	ENSMUSG00000068323
a	ENSMUSG00000040364
a	ENSMUSG00000032120
a	ENSMUSG00000032294
a	ENSMUSG00000054057
a	ENSMUSG00000029276
a	ENSMUSG00000046404
a	ENSMUSG00000038174
a	ENSMUSG00000054280
a	ENSMUSG00000022416
a	ENSMUSG00000025171
a	ENSMUSG00000039205
a	ENSMUSG00000024519
a	ENSMUSG00000030055
a	ENSMUSG00000022708
a	ENSMUSG00000071654
a	ENSMUSG00000054580
a	ENSMUSG00000048483
a	ENSMUSG00000021832
a	ENSMUSG00000057132
a	ENSMUSG00000053519
a	ENSMUSG00000031613
a	ENSMUSG00000032064
a	ENSMUSG00000024556
a	ENSMUSG00000051413
a	ENSMUSG00000063524
a	ENSMUSG00000042453
a	ENSMUSG00000031393
a	ENSMUSG00000021796
a	ENSMUSG00000040250
a	ENSMUSG00000016664
a	ENSMUSG00000095241
a	ENSMUSG00000046456
a	ENSMUSG00000020062
a	ENSMUSG00000025733
a	ENSMUSG00000026163
a	ENSMUSG00000030287
a	ENSMUSG00000059674
a	ENSMUSG00000023050
a	ENSMUSG00000023267
a	ENSMUSG00000036990
a	ENSMUSG00000049537
a	ENSMUSG00000113262
a	ENSMUSG00000089736
a	ENSMUSG00000042581
a	ENSMUSG00000111662
a	ENSMUSG00000055407
a	ENSMUSG00000070570
a	ENSMUSG00000048281
a	ENSMUSG00000021831
a	ENSMUSG00000024120
a	ENSMUSG00000033526
a	ENSMUSG00000110218
a	ENSMUSG00000096696
a	ENSMUSG00000030189
a	ENSMUSG00000045193
a	ENSMUSG00000071748
a	ENSMUSG00000018199
a	ENSMUSG00000052151
a	ENSMUSG00000043460
a	ENSMUSG00000039662
a	ENSMUSG00000019920
a	ENSMUSG00000002109
a	ENSMUSG00000073557
a	ENSMUSG00000021359
a	ENSMUSG00000038276
a	ENSMUSG00000111928
a	ENSMUSG00000106631
a	ENSMUSG00000041193
a	ENSMUSG00000020290
a	ENSMUSG00000036585
a	ENSMUSG00000029822
a	ENSMUSG00000027799
a	ENSMUSG00000112049
a	ENSMUSG00000029524
a	ENSMUSG00000110622
a	ENSMUSG00000020672
a	ENSMUSG00000091844
a	ENSMUSG00000026456
a	ENSMUSG00000024045
a	ENSMUSG00000029439
a	ENSMUSG00000012422
a	ENSMUSG00000021613
a	ENSMUSG00000032463
a	ENSMUSG00000042606
a	ENSMUSG00000017737
a	ENSMUSG00000029797
a	ENSMUSG00000040554
a	ENSMUSG00000033295
a	ENSMUSG00000049076
a	ENSMUSG00000034187
a	ENSMUSG00000029053
a	ENSMUSG00000069372
a	ENSMUSG00000030533
a	ENSMUSG00000113388
a	ENSMUSG00000032890
a	ENSMUSG00000033530
a	ENSMUSG00000032525
a	ENSMUSG00000061331
a	ENSMUSG00000027259
a	ENSMUSG00000078619
a	ENSMUSG00000035513
a	ENSMUSG00000032743
a	ENSMUSG00000056596
a	ENSMUSG00000024982
a	ENSMUSG00000037161
a	ENSMUSG00000029108
a	ENSMUSG00000025019
a	ENSMUSG00000029304
a	ENSMUSG00000043903
a	ENSMUSG00000106864
a	ENSMUSG00000048142
a	ENSMUSG00000027677
a	ENSMUSG00000021983
a	ENSMUSG00000009731
a	ENSMUSG00000027071
a	ENSMUSG00000030522
a	ENSMUSG00000046876
a	ENSMUSG00000047921
a	ENSMUSG00000037977
a	ENSMUSG00000038766
a	ENSMUSG00000013367
a	ENSMUSG00000038550
a	ENSMUSG00000046743
a	ENSMUSG00000029106
a	ENSMUSG00000023572
a	ENSMUSG00000012187
a	ENSMUSG00000037341
a	ENSMUSG00000061527
a	ENSMUSG00000029663
a	ENSMUSG00000038538
a	ENSMUSG00000082415
a	ENSMUSG00000073079
a	ENSMUSG00000118667
a	ENSMUSG00000112557
a	ENSMUSG00000005871
a	ENSMUSG00000037613
a	ENSMUSG00000031755
a	ENSMUSG00000041879
a	ENSMUSG00000050822
a	ENSMUSG00000025739
a	ENSMUSG00000027293
a	ENSMUSG00000029442
a	ENSMUSG00000040373
a	ENSMUSG00000025332
a	ENSMUSG00000002748
a	ENSMUSG00000075600
a	ENSMUSG00000074862
a	ENSMUSG00000048834
a	ENSMUSG00000041598
a	ENSMUSG00000042225
a	ENSMUSG00000030554
a	ENSMUSG00000028364
a	ENSMUSG00000068748
a	ENSMUSG00000039860
a	ENSMUSG00000046020
a	ENSMUSG00000027605
a	ENSMUSG00000059772
a	ENSMUSG00000020255
a	ENSMUSG00000021670
a	ENSMUSG00000029804
a	ENSMUSG00000041258
a	ENSMUSG00000042050
a	ENSMUSG00000055026
a	ENSMUSG00000074272
a	ENSMUSG00000070368
a	ENSMUSG00000018379
a	ENSMUSG00000059866
a	ENSMUSG00000035274
a	ENSMUSG00000043036
a	ENSMUSG00000026915
a	ENSMUSG00000036339
a	ENSMUSG00000029452
a	ENSMUSG00000047036
a	ENSMUSG00000050930
a	ENSMUSG00000029632
a	ENSMUSG00000074909
a	ENSMUSG00000036760
a	ENSMUSG00000022855
a	ENSMUSG00000058975
a	ENSMUSG00000028661
a	ENSMUSG00000047888
a	ENSMUSG00000019082
a	ENSMUSG00000037857
a	ENSMUSG00000107476
a	ENSMUSG00000060733
a	ENSMUSG00000032702
a	ENSMUSG00000038070
a	ENSMUSG00000074037
a	ENSMUSG00000022257
a	ENSMUSG00000020263
a	ENSMUSG00000028461
a	ENSMUSG00000025159
a	ENSMUSG00000050343
a	ENSMUSG00000079083
a	ENSMUSG00000025420
a	ENSMUSG00000027273
a	ENSMUSG00000054256
a	ENSMUSG00000028910
a	ENSMUSG00000026637
a	ENSMUSG00000009739
a	ENSMUSG00000049744
a	ENSMUSG00000025380
a	ENSMUSG00000036046
a	ENSMUSG00000021327
a	ENSMUSG00000023805
a	ENSMUSG00000021219
a	ENSMUSG00000014813
a	ENSMUSG00000030757
a	ENSMUSG00000029086
a	ENSMUSG00000023041
a	ENSMUSG00000072437
a	ENSMUSG00000034813
a	ENSMUSG00000045994
a	ENSMUSG00000020610
a	ENSMUSG00000023010
a	ENSMUSG00000061603
a	ENSMUSG00000071379
a	ENSMUSG00000040188
a	ENSMUSG00000039543
a	ENSMUSG00000053693
a	ENSMUSG00000027940
a	ENSMUSG00000037234
a	ENSMUSG00000037541
a	ENSMUSG00000000120
a	ENSMUSG00000022540
a	ENSMUSG00000019996
a	ENSMUSG00000044712
a	ENSMUSG00000028639
a	ENSMUSG00000024978
a	ENSMUSG00000020048
a	ENSMUSG00000010608
a	ENSMUSG00000056917
a	ENSMUSG00000000751
a	ENSMUSG00000037492
a	ENSMUSG00000029910
a	ENSMUSG00000034121
a	ENSMUSG00000043336
a	ENSMUSG00000048108
a	ENSMUSG00000060098
a	ENSMUSG00000005514
a	ENSMUSG00000026565
a	ENSMUSG00000028246
a	ENSMUSG00000020121
a	ENSMUSG00000056458
a	ENSMUSG00000025893
a	ENSMUSG00000032076
a	ENSMUSG00000040760
a	ENSMUSG00000022474
a	ENSMUSG00000082676
a	ENSMUSG00000030279
a	ENSMUSG00000035578
a	ENSMUSG00000054423
a	ENSMUSG00000071636
a	ENSMUSG00000028214
a	ENSMUSG00000078851
a	ENSMUSG00000038773
a	ENSMUSG00000032840
a	ENSMUSG00000110685
a	ENSMUSG00000031488
a	ENSMUSG00000038805
a	ENSMUSG00000066798
a	ENSMUSG00000067149
a	ENSMUSG00000059742
a	ENSMUSG00000001995
a	ENSMUSG00000029038
a	ENSMUSG00000019122
a	ENSMUSG00000022957
a	ENSMUSG00000039630
a	ENSMUSG00000052562
a	ENSMUSG00000033705
a	ENSMUSG00000027615
a	ENSMUSG00000061882
a	ENSMUSG00000028995
a	ENSMUSG00000007279
a	ENSMUSG00000068551
a	ENSMUSG00000053963
a	ENSMUSG00000024430
a	ENSMUSG00000029283
a	ENSMUSG00000006567
a	ENSMUSG00000039913
a	ENSMUSG00000032034
a	ENSMUSG00000044700
a	ENSMUSG00000027475
a	ENSMUSG00000038011
a	ENSMUSG00000041653
a	ENSMUSG00000024276
a	ENSMUSG00000020362
a	ENSMUSG00000029313
a	ENSMUSG00000032739
a	ENSMUSG00000022911
a	ENSMUSG00000044201
a	ENSMUSG00000033768
a	ENSMUSG00000034427
a	ENSMUSG00000028820
a	ENSMUSG00000018486
a	ENSMUSG00000062794
a	ENSMUSG00000053414
a	ENSMUSG00000017561
a	ENSMUSG00000022949
a	ENSMUSG00000025608
a	ENSMUSG00000015829
a	ENSMUSG00000010476
a	ENSMUSG00000068742
a	ENSMUSG00000030000
a	ENSMUSG00000061322
a	ENSMUSG00000022212
a	ENSMUSG00000032262
a	ENSMUSG00000029123
a	ENSMUSG00000028524
a	ENSMUSG00000042121
a	ENSMUSG00000023852
a	ENSMUSG00000002346
a	ENSMUSG00000032289
a	ENSMUSG00000049690
a	ENSMUSG00000033717
a	ENSMUSG00000059851
a	ENSMUSG00000021109
a	ENSMUSG00000038457
a	ENSMUSG00000073158
a	ENSMUSG00000026407
a	ENSMUSG00000024298
a	ENSMUSG00000039347
a	ENSMUSG00000031139
a	ENSMUSG00000030380
a	ENSMUSG00000034040
a	ENSMUSG00000042570
a	ENSMUSG00000026491
a	ENSMUSG00000054459
a	ENSMUSG00000020451
a	ENSMUSG00000022092
a	ENSMUSG00000026773
a	ENSMUSG00000054134
a	ENSMUSG00000020926
a	ENSMUSG00000052551
a	ENSMUSG00000032030
a	ENSMUSG00000040478
a	ENSMUSG00000052557
a	ENSMUSG00000037344
a	ENSMUSG00000038762
a	ENSMUSG00000042763
a	ENSMUSG00000024242
a	ENSMUSG00000031645
a	ENSMUSG00000036026
a	ENSMUSG00000037818
a	ENSMUSG00000096808
a	ENSMUSG00000040938
a	ENSMUSG00000020140
a	ENSMUSG00000110170
a	ENSMUSG00000034333
a	ENSMUSG00000110444
a	ENSMUSG00000004668
a	ENSMUSG00000020917
a	ENSMUSG00000033105
a	ENSMUSG00000046994
a	ENSMUSG00000045532
a	ENSMUSG00000048148
a	ENSMUSG00000041992
a	ENSMUSG00000032715
a	ENSMUSG00000058392
a	ENSMUSG00000003184
a	ENSMUSG00000025645
a	ENSMUSG00000039671
a	ENSMUSG00000057329
a	ENSMUSG00000029992
a	ENSMUSG00000042320
a	ENSMUSG00000014846
a	ENSMUSG00000029862
a	ENSMUSG00000003660
a	ENSMUSG00000050545
a	ENSMUSG00000021604
a	ENSMUSG00000048349
a	ENSMUSG00000037110
a	ENSMUSG00000061740
a	ENSMUSG00000000628
a	ENSMUSG00000025400
a	ENSMUSG00000026670
a	ENSMUSG00000030337
a	ENSMUSG00000034867
a	ENSMUSG00000023886
a	ENSMUSG00000071454
a	ENSMUSG00000036698
a	ENSMUSG00000032601
a	ENSMUSG00000019699
a	ENSMUSG00000041147
a	ENSMUSG00000021335
a	ENSMUSG00000021884
a	ENSMUSG00000009470
a	ENSMUSG00000056579
a	ENSMUSG00000020782
a	ENSMUSG00000036928
a	ENSMUSG00000020982
a	ENSMUSG00000082090
a	ENSMUSG00000039375
a	ENSMUSG00000027381
a	ENSMUSG00000059729
a	ENSMUSG00000109764
a	ENSMUSG00000004364
a	ENSMUSG00000067578
a	ENSMUSG00000026315
a	ENSMUSG00000021239
a	ENSMUSG00000057666
a	ENSMUSG00000029505
a	ENSMUSG00000000131
a	ENSMUSG00000055531
a	ENSMUSG00000030760
a	ENSMUSG00000001773
a	ENSMUSG00000028826
a	ENSMUSG00000090100
a	ENSMUSG00000097929
a	ENSMUSG00000020704
a	ENSMUSG00000028926
a	ENSMUSG00000027014
a	ENSMUSG00000021608
a	ENSMUSG00000048832
a	ENSMUSG00000069911
a	ENSMUSG00000031442
a	ENSMUSG00000039057
a	ENSMUSG00000113146
a	ENSMUSG00000028438
a	ENSMUSG00000025064
a	ENSMUSG00000054793
a	ENSMUSG00000035649
a	ENSMUSG00000109378
a	ENSMUSG00000051056
a	ENSMUSG00000080893
a	ENSMUSG00000034783
a	ENSMUSG00000000948
a	ENSMUSG00000025938
a	ENSMUSG00000018604
a	ENSMUSG00000028525
a	ENSMUSG00000034107
a	ENSMUSG00000039046
a	ENSMUSG00000052912
a	ENSMUSG00000017314
a	ENSMUSG00000017548
a	ENSMUSG00000048988
a	ENSMUSG00000043822
a	ENSMUSG00000052632
a	ENSMUSG00000113889
a	ENSMUSG00000038145
a	ENSMUSG00000026596
a	ENSMUSG00000034912
a	ENSMUSG00000014075
a	ENSMUSG00000026527
a	ENSMUSG00000034342
a	ENSMUSG00000054808
a	ENSMUSG00000031828
a	ENSMUSG00000073940
a	ENSMUSG00000020770
a	ENSMUSG00000026442
a	ENSMUSG00000042363
a	ENSMUSG00000049176
a	ENSMUSG00000032564
a	ENSMUSG00000031024
a	ENSMUSG00000108423
a	ENSMUSG00000020131
a	ENSMUSG00000035711
a	ENSMUSG00000006576
a	ENSMUSG00000079057
a	ENSMUSG00000021510
a	ENSMUSG00000062591
a	ENSMUSG00000027636
b	ENSMUSG00000050556
b	ENSMUSG00000033066
b	ENSMUSG00000020886
b	ENSMUSG00000040543
b	ENSMUSG00000030096
b	ENSMUSG00000021991
b	ENSMUSG00000041308
b	ENSMUSG00000022055
b	ENSMUSG00000027797
b	ENSMUSG00000020889
b	ENSMUSG00000032936
b	ENSMUSG00000050965
b	ENSMUSG00000032192
b	ENSMUSG00000038370
b	ENSMUSG00000020435
b	ENSMUSG00000026885
b	ENSMUSG00000035486
b	ENSMUSG00000020599
b	ENSMUSG00000025867
b	ENSMUSG00000037224
b	ENSMUSG00000022389
b	ENSMUSG00000070003
b	ENSMUSG00000039714
b	ENSMUSG00000040860
b	ENSMUSG00000038530
b	ENSMUSG00000035314
b	ENSMUSG00000046447
b	ENSMUSG00000050321
b	ENSMUSG00000000308
b	ENSMUSG00000027270
b	ENSMUSG00000034730
b	ENSMUSG00000059824
b	ENSMUSG00000041771
b	ENSMUSG00000022237
b	ENSMUSG00000037126
b	ENSMUSG00000014782
b	ENSMUSG00000022594
b	ENSMUSG00000026473
b	ENSMUSG00000052305
b	ENSMUSG00000047747
b	ENSMUSG00000021508
b	ENSMUSG00000029608
b	ENSMUSG00000000305
b	ENSMUSG00000032883
b	ENSMUSG00000014786
b	ENSMUSG00000039059
b	ENSMUSG00000048458
b	ENSMUSG00000032586
b	ENSMUSG00000037872
b	ENSMUSG00000051111
b	ENSMUSG00000032846
b	ENSMUSG00000003949
b	ENSMUSG00000059146
b	ENSMUSG00000036902
b	ENSMUSG00000021750
b	ENSMUSG00000074968
b	ENSMUSG00000048978
b	ENSMUSG00000060371
b	ENSMUSG00000020893
b	ENSMUSG00000001175
b	ENSMUSG00000045349
b	ENSMUSG00000017390
b	ENSMUSG00000040724
b	ENSMUSG00000024186
b	ENSMUSG00000029471
b	ENSMUSG00000030103
b	ENSMUSG00000024008
b	ENSMUSG00000029720
b	ENSMUSG00000021647
b	ENSMUSG00000059991
b	ENSMUSG00000002459
b	ENSMUSG00000090223
b	ENSMUSG00000047842
b	ENSMUSG00000022358
b	ENSMUSG00000007682
b	ENSMUSG00000027276
b	ENSMUSG00000034997
b	ENSMUSG00000039954
b	ENSMUSG00000052572
b	ENSMUSG00000042804
b	ENSMUSG00000022054
b	ENSMUSG00000032010
b	ENSMUSG00000032589
b	ENSMUSG00000039601
b	ENSMUSG00000034472
b	ENSMUSG00000069919
b	ENSMUSG00000079056
b	ENSMUSG00000021870
b	ENSMUSG00000072214
b	ENSMUSG00000034936
b	ENSMUSG00000041670
b	ENSMUSG00000033174
b	ENSMUSG00000042743
b	ENSMUSG00000025221
b	ENSMUSG00000024077
b	ENSMUSG00000069917
b	ENSMUSG00000027347
b	ENSMUSG00000021125
b	ENSMUSG00000041592
b	ENSMUSG00000041351
b	ENSMUSG00000027221
b	ENSMUSG00000020953
b	ENSMUSG00000022490
b	ENSMUSG00000029309
b	ENSMUSG00000020340
b	ENSMUSG00000037148
b	ENSMUSG00000059003
b	ENSMUSG00000030270
b	ENSMUSG00000032336
b	ENSMUSG00000024558
b	ENSMUSG00000027210
b	ENSMUSG00000045903
b	ENSMUSG00000027893
b	ENSMUSG00000030302
b	ENSMUSG00000017167
b	ENSMUSG00000057130
b	ENSMUSG00000028931
b	ENSMUSG00000031837
b	ENSMUSG00000053716
b	ENSMUSG00000056258
b	ENSMUSG00000022208
b	ENSMUSG00000021478
b	ENSMUSG00000040276
b	ENSMUSG00000031748
b	ENSMUSG00000010663
b	ENSMUSG00000061751
b	ENSMUSG00000021684
b	ENSMUSG00000033863
b	ENSMUSG00000004366
b	ENSMUSG00000042429
b	ENSMUSG00000042109
b	ENSMUSG00000016346
b	ENSMUSG00000027849
b	ENSMUSG00000034799
b	ENSMUSG00000030806
b	ENSMUSG00000025372
b	ENSMUSG00000021379
b	ENSMUSG00000041112
b	ENSMUSG00000015981
b	ENSMUSG00000028541
b	ENSMUSG00000052373
b	ENSMUSG00000039145
b	ENSMUSG00000066189
c	ENSMUSG00000046480
c	ENSMUSG00000045573
c	ENSMUSG00000007656
c	ENSMUSG00000059213
c	ENSMUSG00000020178
c	ENSMUSG00000032503
c	ENSMUSG00000022840
c	ENSMUSG00000030592
c	ENSMUSG00000032373
c	ENSMUSG00000007617
c	ENSMUSG00000046182
c	ENSMUSG00000090291
c	ENSMUSG00000037679
c	ENSMUSG00000046818
c	ENSMUSG00000052889
c	ENSMUSG00000025738
c	ENSMUSG00000028161
c	ENSMUSG00000028785
c	ENSMUSG00000062296
c	ENSMUSG00000031932
c	ENSMUSG00000030102
c	ENSMUSG00000044288
c	ENSMUSG00000019943
c	ENSMUSG00000029054
c	ENSMUSG00000033730
c	ENSMUSG00000053310
c	ENSMUSG00000037754
c	ENSMUSG00000038976
c	ENSMUSG00000054728
c	ENSMUSG00000022489
c	ENSMUSG00000041324
c	ENSMUSG00000038128
c	ENSMUSG00000023274
c	ENSMUSG00000026834
c	ENSMUSG00000032259
c	ENSMUSG00000109372
c	ENSMUSG00000027296
c	ENSMUSG00000056486
c	ENSMUSG00000026259
c	ENSMUSG00000097993
c	ENSMUSG00000003273
c	ENSMUSG00000038400
c	ENSMUSG00000020684
c	ENSMUSG00000078307
c	ENSMUSG00000031778
c	ENSMUSG00000026077
c	ENSMUSG00000048644
c	ENSMUSG00000042388
c	ENSMUSG00000033960
c	ENSMUSG00000086040
c	ENSMUSG00000032366
c	ENSMUSG00000056812
c	ENSMUSG00000046607
c	ENSMUSG00000021719
c	ENSMUSG00000022197
c	ENSMUSG00000029359
c	ENSMUSG00000030123
c	ENSMUSG00000067889
c	ENSMUSG00000032946
c	ENSMUSG00000044216
c	ENSMUSG00000027400
c	ENSMUSG00000036882
c	ENSMUSG00000027827
c	ENSMUSG00000118401
c	ENSMUSG00000051177
c	ENSMUSG00000022602
c	ENSMUSG00000030854
c	ENSMUSG00000030376
c	ENSMUSG00000037703
c	ENSMUSG00000052087
c	ENSMUSG00000029406
c	ENSMUSG00000042700
c	ENSMUSG00000023945
c	ENSMUSG00000045967
c	ENSMUSG00000052374
c	ENSMUSG00000030134
c	ENSMUSG00000026090
c	ENSMUSG00000003134
c	ENSMUSG00000022537
c	ENSMUSG00000035355
c	ENSMUSG00000023868
c	ENSMUSG00000020823
c	ENSMUSG00000033063
c	ENSMUSG00000046922
c	ENSMUSG00000021062
c	ENSMUSG00000038418
c	ENSMUSG00000094626
c	ENSMUSG00000021115
c	ENSMUSG00000038264
c	ENSMUSG00000061911
c	ENSMUSG00000049225
c	ENSMUSG00000051067
c	ENSMUSG00000037855
c	ENSMUSG00000037579
c	ENSMUSG00000009681
c	ENSMUSG00000033287
c	ENSMUSG00000045441
c	ENSMUSG00000042489
c	ENSMUSG00000001270
c	ENSMUSG00000059456
c	ENSMUSG00000057897
c	ENSMUSG00000006205
c	ENSMUSG00000022075
c	ENSMUSG00000004849
c	ENSMUSG00000066197
c	ENSMUSG00000011877
c	ENSMUSG00000000530
c	ENSMUSG00000022623
c	ENSMUSG00000028033
c	ENSMUSG00000055805
c	ENSMUSG00000018849
c	ENSMUSG00000024883
c	ENSMUSG00000018648
c	ENSMUSG00000037624
c	ENSMUSG00000040495
c	ENSMUSG00000027298
c	ENSMUSG00000050511
c	ENSMUSG00000020189
c	ENSMUSG00000023019
c	ENSMUSG00000023150
c	ENSMUSG00000028278
c	ENSMUSG00000040385
c	ENSMUSG00000028328
c	ENSMUSG00000021182
c	ENSMUSG00000003469
c	ENSMUSG00000024617
c	ENSMUSG00000085042
c	ENSMUSG00000048240
c	ENSMUSG00000021209
c	ENSMUSG00000030688
c	ENSMUSG00000031342
c	ENSMUSG00000027419
c	ENSMUSG00000031906
c	ENSMUSG00000029348
c	ENSMUSG00000025499
c	ENSMUSG00000056073
c	ENSMUSG00000036225
c	ENSMUSG00000089809
c	ENSMUSG00000021259
c	ENSMUSG00000041986
c	ENSMUSG00000033953
c	ENSMUSG00000023034
c	ENSMUSG00000066607
c	ENSMUSG00000021057
c	ENSMUSG00000043439
c	ENSMUSG00000027134
c	ENSMUSG00000057457
c	ENSMUSG00000020723
c	ENSMUSG00000036095
c	ENSMUSG00000049303
c	ENSMUSG00000110195
c	ENSMUSG00000026663
c	ENSMUSG00000021071
c	ENSMUSG00000025789
c	ENSMUSG00000005089
c	ENSMUSG00000061718
c	ENSMUSG00000049511
c	ENSMUSG00000031506
c	ENSMUSG00000028656
c	ENSMUSG00000051650
c	ENSMUSG00000068373
c	ENSMUSG00000032572
c	ENSMUSG00000032698
c	ENSMUSG00000116594
c	ENSMUSG00000004056
c	ENSMUSG00000051617
c	ENSMUSG00000029093
c	ENSMUSG00000015843
c	ENSMUSG00000021373
c	ENSMUSG00000043079
c	ENSMUSG00000004341
c	ENSMUSG00000058589
c	ENSMUSG00000025905
c	ENSMUSG00000090071
c	ENSMUSG00000000555
c	ENSMUSG00000054162
c	ENSMUSG00000056665
c	ENSMUSG00000030605
c	ENSMUSG00000090125
c	ENSMUSG00000033161
c	ENSMUSG00000048038
c	ENSMUSG00000017491
c	ENSMUSG00000029467
c	ENSMUSG00000058013
c	ENSMUSG00000021765
c	ENSMUSG00000036062
c	ENSMUSG00000062372
c	ENSMUSG00000015879
c	ENSMUSG00000022052
c	ENSMUSG00000031841
c	ENSMUSG00000000632
c	ENSMUSG00000039115
c	ENSMUSG00000030122
c	ENSMUSG00000032827
c	ENSMUSG00000045318
c	ENSMUSG00000022752
c	ENSMUSG00000044167
c	ENSMUSG00000008658
c	ENSMUSG00000070000
c	ENSMUSG00000037428
c	ENSMUSG00000031765
c	ENSMUSG00000019990
c	ENSMUSG00000032517
c	ENSMUSG00000032174
c	ENSMUSG00000032267
c	ENSMUSG00000016179
c	ENSMUSG00000063239
c	ENSMUSG00000003352
c	ENSMUSG00000085007
c	ENSMUSG00000021701
c	ENSMUSG00000026185
c	ENSMUSG00000029364
c	ENSMUSG00000039103
c	ENSMUSG00000025422
c	ENSMUSG00000022342
c	ENSMUSG00000042834
c	ENSMUSG00000048251
c	ENSMUSG00000020827
c	ENSMUSG00000041729
c	ENSMUSG00000025576
c	ENSMUSG00000023018
c	ENSMUSG00000019997
c	ENSMUSG00000029722
c	ENSMUSG00000017493
c	ENSMUSG00000035397
c	ENSMUSG00000030905
c	ENSMUSG00000037996
c	ENSMUSG00000026764
c	ENSMUSG00000040640
c	ENSMUSG00000021124
c	ENSMUSG00000050164
c	ENSMUSG00000028086
c	ENSMUSG00000025658
c	ENSMUSG00000025885
c	ENSMUSG00000000378
c	ENSMUSG00000024990
c	ENSMUSG00000070304
c	ENSMUSG00000046329
c	ENSMUSG00000020642
c	ENSMUSG00000033594
c	ENSMUSG00000013089
c	ENSMUSG00000031074
c	ENSMUSG00000003363
c	ENSMUSG00000043635
c	ENSMUSG00000040412
c	ENSMUSG00000033998
c	ENSMUSG00000029819
c	ENSMUSG00000036617
c	ENSMUSG00000006356
c	ENSMUSG00000039474
c	ENSMUSG00000030043
c	ENSMUSG00000029120
c	ENSMUSG00000074796
c	ENSMUSG00000030067
c	ENSMUSG00000031833
c	ENSMUSG00000027457
c	ENSMUSG00000023800
c	ENSMUSG00000078591
c	ENSMUSG00000030350
c	ENSMUSG00000046056
c	ENSMUSG00000026452
c	ENSMUSG00000040606
c	ENSMUSG00000056091
c	ENSMUSG00000019935
c	ENSMUSG00000020882
c	ENSMUSG00000001986
c	ENSMUSG00000064368
c	ENSMUSG00000034570
c	ENSMUSG00000032549
c	ENSMUSG00000051853
c	ENSMUSG00000041773
c	ENSMUSG00000042350
c	ENSMUSG00000089997
c	ENSMUSG00000010086
c	ENSMUSG00000028782
c	ENSMUSG00000054871
c	ENSMUSG00000034275
c	ENSMUSG00000035954
c	ENSMUSG00000042978
c	ENSMUSG00000056296
c	ENSMUSG00000030428
c	ENSMUSG00000027394
c	ENSMUSG00000057101
c	ENSMUSG00000021360
c	ENSMUSG00000036620
c	ENSMUSG00000031604
c	ENSMUSG00000020923
c	ENSMUSG00000024486
c	ENSMUSG00000057378
c	ENSMUSG00000054986
c	ENSMUSG00000022463
c	ENSMUSG00000020644
c	ENSMUSG00000027346
c	ENSMUSG00000047591
c	ENSMUSG00000002341
c	ENSMUSG00000021180
c	ENSMUSG00000003974
c	ENSMUSG00000023067
c	ENSMUSG00000028838
c	ENSMUSG00000056692
c	ENSMUSG00000020785
c	ENSMUSG00000029436
c	ENSMUSG00000056708
c	ENSMUSG00000029361
c	ENSMUSG00000017692
c	ENSMUSG00000027525
c	ENSMUSG00000045294
c	ENSMUSG00000026202
c	ENSMUSG00000049907
c	ENSMUSG00000028351
c	ENSMUSG00000021596
c	ENSMUSG00000021919
c	ENSMUSG00000042500
c	ENSMUSG00000060260
c	ENSMUSG00000031626
c	ENSMUSG00000064345
c	ENSMUSG00000047714
c	ENSMUSG00000048895
c	ENSMUSG00000030772
c	ENSMUSG00000021676
c	ENSMUSG00000028758
c	ENSMUSG00000078137
c	ENSMUSG00000035849
c	ENSMUSG00000020734
c	ENSMUSG00000024661
c	ENSMUSG00000089762
c	ENSMUSG00000022176
c	ENSMUSG00000102070
c	ENSMUSG00000019146
c	ENSMUSG00000055003
c	ENSMUSG00000036264
c	ENSMUSG00000003345
c	ENSMUSG00000021068
c	ENSMUSG00000042064
c	ENSMUSG00000035112
c	ENSMUSG00000031292
c	ENSMUSG00000036564
c	ENSMUSG00000032528
c	ENSMUSG00000028266
c	ENSMUSG00000053093
c	ENSMUSG00000032966
c	ENSMUSG00000031551
c	ENSMUSG00000025795
c	ENSMUSG00000052981
c	ENSMUSG00000026247
c	ENSMUSG00000022099
c	ENSMUSG00000043857
c	ENSMUSG00000037461
c	ENSMUSG00000068747
c	ENSMUSG00000033545
c	ENSMUSG00000026640
c	ENSMUSG00000054405
c	ENSMUSG00000001119
c	ENSMUSG00000031605
c	ENSMUSG00000049583
c	ENSMUSG00000033940
c	ENSMUSG00000059136
c	ENSMUSG00000024736
c	ENSMUSG00000070462
c	ENSMUSG00000050821
c	ENSMUSG00000040857
c	ENSMUSG00000000531
c	ENSMUSG00000020458
c	ENSMUSG00000028152
c	ENSMUSG00000046093
c	ENSMUSG00000029135
c	ENSMUSG00000036273
c	ENSMUSG00000058254
c	ENSMUSG00000034248
c	ENSMUSG00000035226
c	ENSMUSG00000038296
c	ENSMUSG00000040289
c	ENSMUSG00000017417
c	ENSMUSG00000024479
c	ENSMUSG00000045038
c	ENSMUSG00000032500
c	ENSMUSG00000035864
c	ENSMUSG00000019194
c	ENSMUSG00000068037
c	ENSMUSG00000020015
c	ENSMUSG00000050473
c	ENSMUSG00000036915
c	ENSMUSG00000024502
c	ENSMUSG00000053470
c	ENSMUSG00000021273
c	ENSMUSG00000027955
c	ENSMUSG00000058135
c	ENSMUSG00000032343
c	ENSMUSG00000009216
c	ENSMUSG00000030465
c	ENSMUSG00000038582
c	ENSMUSG00000025920
c	ENSMUSG00000072572
c	ENSMUSG00000034310
c	ENSMUSG00000071234
c	ENSMUSG00000028059
c	ENSMUSG00000029095
c	ENSMUSG00000035735
c	ENSMUSG00000051403
c	ENSMUSG00000075012
c	ENSMUSG00000062397
c	ENSMUSG00000030747
c	ENSMUSG00000035390
c	ENSMUSG00000030518
c	ENSMUSG00000019960
c	ENSMUSG00000049577
c	ENSMUSG00000061462
c	ENSMUSG00000040972
c	ENSMUSG00000056069
c	ENSMUSG00000030120
c	ENSMUSG00000025370
c	ENSMUSG00000059974
c	ENSMUSG00000019254
c	ENSMUSG00000029419
c	ENSMUSG00000020393
c	ENSMUSG00000053199
c	ENSMUSG00000000631
c	ENSMUSG00000003872
c	ENSMUSG00000056629
c	ENSMUSG00000002985
c	ENSMUSG00000041205
c	ENSMUSG00000032773
c	ENSMUSG00000019027
c	ENSMUSG00000051335
c	ENSMUSG00000036533
c	ENSMUSG00000050608
c	ENSMUSG00000022763
c	ENSMUSG00000028788
c	ENSMUSG00000041669
c	ENSMUSG00000036438
c	ENSMUSG00000064341
c	ENSMUSG00000037868
c	ENSMUSG00000024213
c	ENSMUSG00000033427
c	ENSMUSG00000031382
c	ENSMUSG00000041444
c	ENSMUSG00000027016
c	ENSMUSG00000020681
c	ENSMUSG00000052133
c	ENSMUSG00000034771
c	ENSMUSG00000021680
c	ENSMUSG00000052302
c	ENSMUSG00000029999
c	ENSMUSG00000025170
c	ENSMUSG00000060962
c	ENSMUSG00000037465
c	ENSMUSG00000038481
c	ENSMUSG00000019828
c	ENSMUSG00000036052
c	ENSMUSG00000047205
c	ENSMUSG00000051351
c	ENSMUSG00000021990
c	ENSMUSG00000096054
c	ENSMUSG00000029861
c	ENSMUSG00000062110
c	ENSMUSG00000030844
c	ENSMUSG00000063430
c	ENSMUSG00000070498
c	ENSMUSG00000053550
c	ENSMUSG00000065954
c	ENSMUSG00000015501
c	ENSMUSG00000046159
c	ENSMUSG00000100862
c	ENSMUSG00000039735
c	ENSMUSG00000021846
c	ENSMUSG00000009291
c	ENSMUSG00000047976
c	ENSMUSG00000033590
c	ENSMUSG00000031749
c	ENSMUSG00000030711
c	ENSMUSG00000005973
c	ENSMUSG00000035021
c	ENSMUSG00000040407
c	ENSMUSG00000039713
c	ENSMUSG00000070576
c	ENSMUSG00000047495
c	ENSMUSG00000050751
c	ENSMUSG00000022723
c	ENSMUSG00000038780
c	ENSMUSG00000020674
c	ENSMUSG00000023046
c	ENSMUSG00000096146
c	ENSMUSG00000087408
c	ENSMUSG00000073424
c	ENSMUSG00000031328
c	ENSMUSG00000013275
c	ENSMUSG00000041115
c	ENSMUSG00000044254
c	ENSMUSG00000037104
c	ENSMUSG00000035268
c	ENSMUSG00000040699
c	ENSMUSG00000045009
c	ENSMUSG00000094065
c	ENSMUSG00000022095
c	ENSMUSG00000050963
c	ENSMUSG00000058258
c	ENSMUSG00000055053
c	ENSMUSG00000016763
c	ENSMUSG00000030209
c	ENSMUSG00000027002
c	ENSMUSG00000036565
c	ENSMUSG00000118668
c	ENSMUSG00000023017
c	ENSMUSG00000074923
c	ENSMUSG00000028039
c	ENSMUSG00000025656
c	ENSMUSG00000024524
c	ENSMUSG00000004031
c	ENSMUSG00000009013
c	ENSMUSG00000031762
c	ENSMUSG00000060126
c	ENSMUSG00000029153
c	ENSMUSG00000004383
c	ENSMUSG00000022296
c	ENSMUSG00000051726
c	ENSMUSG00000093954
c	ENSMUSG00000074736
c	ENSMUSG00000020846
c	ENSMUSG00000041556
c	ENSMUSG00000027327
c	ENSMUSG00000060780
c	ENSMUSG00000040631
c	ENSMUSG00000055254
c	ENSMUSG00000006435
c	ENSMUSG00000117286
c	ENSMUSG00000040105
c	ENSMUSG00000050447
c	ENSMUSG00000038354
c	ENSMUSG00000026360
c	ENSMUSG00000021061
c	ENSMUSG00000053253
c	ENSMUSG00000049792
c	ENSMUSG00000027375
c	ENSMUSG00000024544
c	ENSMUSG00000026740
c	ENSMUSG00000001313
c	ENSMUSG00000038970
c	ENSMUSG00000027223
c	ENSMUSG00000001687
c	ENSMUSG00000001467
c	ENSMUSG00000064225
c	ENSMUSG00000029624
c	ENSMUSG00000020950
c	ENSMUSG00000102543
c	ENSMUSG00000037972
c	ENSMUSG00000058248
c	ENSMUSG00000007097
c	ENSMUSG00000020580
c	ENSMUSG00000041078
c	ENSMUSG00000032518
c	ENSMUSG00000044912
c	ENSMUSG00000033910
c	ENSMUSG00000032402
c	ENSMUSG00000068696
c	ENSMUSG00000006575
c	ENSMUSG00000022332
c	ENSMUSG00000038291
c	ENSMUSG00000025318
c	ENSMUSG00000053279
c	ENSMUSG00000022419
c	ENSMUSG00000048285
c	ENSMUSG00000063434
c	ENSMUSG00000022426
c	ENSMUSG00000042680
c	ENSMUSG00000021194
c	ENSMUSG00000048826
c	ENSMUSG00000058070
c	ENSMUSG00000041329
c	ENSMUSG00000034926
c	ENSMUSG00000003948
c	ENSMUSG00000061887
c	ENSMUSG00000042807
c	ENSMUSG00000032261
c	ENSMUSG00000067629
c	ENSMUSG00000050052
c	ENSMUSG00000030898
c	ENSMUSG00000046321
c	ENSMUSG00000023036
c	ENSMUSG00000046844
c	ENSMUSG00000022377
c	ENSMUSG00000032024
c	ENSMUSG00000044813
c	ENSMUSG00000043671
c	ENSMUSG00000066026
c	ENSMUSG00000052397
c	ENSMUSG00000003585
c	ENSMUSG00000046999
c	ENSMUSG00000032737
c	ENSMUSG00000029126
c	ENSMUSG00000039195
c	ENSMUSG00000004347
c	ENSMUSG00000020733
c	ENSMUSG00000029408
c	ENSMUSG00000022114
c	ENSMUSG00000004558
c	ENSMUSG00000029014
c	ENSMUSG00000074340
c	ENSMUSG00000027660
c	ENSMUSG00000044534
c	ENSMUSG00000023089
c	ENSMUSG00000035357
c	ENSMUSG00000035620
c	ENSMUSG00000054252
c	ENSMUSG00000030835
c	ENSMUSG00000028871
c	ENSMUSG00000079434
c	ENSMUSG00000035863
c	ENSMUSG00000037907
c	ENSMUSG00000061086
c	ENSMUSG00000030231
c	ENSMUSG00000055675
c	ENSMUSG00000029219
c	ENSMUSG00000024059
c	ENSMUSG00000037306
c	ENSMUSG00000051285
c	ENSMUSG00000052837
c	ENSMUSG00000024245
c	ENSMUSG00000006731
c	ENSMUSG00000055322
c	ENSMUSG00000036306
d	ENSMUSG00000060044
d	ENSMUSG00000036030
d	ENSMUSG00000030111
d	ENSMUSG00000032554
d	ENSMUSG00000004040
d	ENSMUSG00000079042
d	ENSMUSG00000032413
d	ENSMUSG00000024026
d	ENSMUSG00000019867
d	ENSMUSG00000021364
d	ENSMUSG00000034714
d	ENSMUSG00000028015
d	ENSMUSG00000020932
d	ENSMUSG00000023439
d	ENSMUSG00000096887
d	ENSMUSG00000029338
d	ENSMUSG00000099032
d	ENSMUSG00000015243
d	ENSMUSG00000057469
d	ENSMUSG00000027676
d	ENSMUSG00000030654
d	ENSMUSG00000022722
d	ENSMUSG00000055368
d	ENSMUSG00000028635
d	ENSMUSG00000051855
d	ENSMUSG00000029561
d	ENSMUSG00000021086
d	ENSMUSG00000055447
d	ENSMUSG00000029762
d	ENSMUSG00000061232
d	ENSMUSG00000061536
d	ENSMUSG00000021091
d	ENSMUSG00000019874
d	ENSMUSG00000023087
d	ENSMUSG00000034459
d	ENSMUSG00000024614
d	ENSMUSG00000051860
d	ENSMUSG00000060802
d	ENSMUSG00000041782
d	ENSMUSG00000040296
d	ENSMUSG00000032501
d	ENSMUSG00000049630
d	ENSMUSG00000001642
d	ENSMUSG00000109372
d	ENSMUSG00000035929
d	ENSMUSG00000041235
d	ENSMUSG00000075256
d	ENSMUSG00000048416
d	ENSMUSG00000036995
d	ENSMUSG00000015656
d	ENSMUSG00000031600
d	ENSMUSG00000028583
d	ENSMUSG00000020580
d	ENSMUSG00000042500
d	ENSMUSG00000040084
d	ENSMUSG00000021557
d	ENSMUSG00000104713
d	ENSMUSG00000022037
d	ENSMUSG00000046879
d	ENSMUSG00000039910
d	ENSMUSG00000060671
d	ENSMUSG00000034248
d	ENSMUSG00000027070
d	ENSMUSG00000037225
d	ENSMUSG00000007827
d	ENSMUSG00000038079
d	ENSMUSG00000025609
d	ENSMUSG00000036304
d	ENSMUSG00000023224
d	ENSMUSG00000038507
d	ENSMUSG00000082361
d	ENSMUSG00000022462
d	ENSMUSG00000015217
d	ENSMUSG00000071637
d	ENSMUSG00000025995
d	ENSMUSG00000038390
d	ENSMUSG00000020848
d	ENSMUSG00000037822
d	ENSMUSG00000031099
d	ENSMUSG00000068154
d	ENSMUSG00000028268
d	ENSMUSG00000015214
d	ENSMUSG00000022040
d	ENSMUSG00000004319
d	ENSMUSG00000049775
d	ENSMUSG00000055567
d	ENSMUSG00000021848
d	ENSMUSG00000052684
d	ENSMUSG00000086583
d	ENSMUSG00000024079
d	ENSMUSG00000025351
d	ENSMUSG00000041144
d	ENSMUSG00000038481
d	ENSMUSG00000034422
d	ENSMUSG00000020627
d	ENSMUSG00000039047
d	ENSMUSG00000025921
d	ENSMUSG00000023991
d	ENSMUSG00000026074
d	ENSMUSG00000030905
d	ENSMUSG00000025190
d	ENSMUSG00000047766
d	ENSMUSG00000024431
d	ENSMUSG00000025268
d	ENSMUSG00000038642
d	ENSMUSG00000032495
d	ENSMUSG00000050708
d	ENSMUSG00000054604
d	ENSMUSG00000053113
d	ENSMUSG00000023927
d	ENSMUSG00000022723
d	ENSMUSG00000037627
d	ENSMUSG00000029713
d	ENSMUSG00000026028
d	ENSMUSG00000057897
d	ENSMUSG00000054263
d	ENSMUSG00000019951
d	ENSMUSG00000020523
d	ENSMUSG00000029030
d	ENSMUSG00000037921
d	ENSMUSG00000018593
d	ENSMUSG00000044033
d	ENSMUSG00000020577
d	ENSMUSG00000029298
d	ENSMUSG00000023944
d	ENSMUSG00000033460
d	ENSMUSG00000030321
d	ENSMUSG00000032557
d	ENSMUSG00000022146
d	ENSMUSG00000016918
d	ENSMUSG00000047547
d	ENSMUSG00000042834
d	ENSMUSG00000030921
d	ENSMUSG00000049092
d	ENSMUSG00000032845
d	ENSMUSG00000027562
d	ENSMUSG00000070683
d	ENSMUSG00000024286
d	ENSMUSG00000021190
d	ENSMUSG00000064357
d	ENSMUSG00000026004
d	ENSMUSG00000062488
d	ENSMUSG00000021706
d	ENSMUSG00000048874
d	ENSMUSG00000032042
d	ENSMUSG00000031166
d	ENSMUSG00000019789
d	ENSMUSG00000027763
d	ENSMUSG00000004631
d	ENSMUSG00000016921
d	ENSMUSG00000037742
d	ENSMUSG00000048706
d	ENSMUSG00000007655
d	ENSMUSG00000032279
d	ENSMUSG00000030761
d	ENSMUSG00000058443
d	ENSMUSG00000064356
d	ENSMUSG00000021583
d	ENSMUSG00000032965
d	ENSMUSG00000019256
d	ENSMUSG00000001270
d	ENSMUSG00000031367
d	ENSMUSG00000060227
d	ENSMUSG00000020230
d	ENSMUSG00000022906
d	ENSMUSG00000024304
d	ENSMUSG00000066258
d	ENSMUSG00000024420
d	ENSMUSG00000053175
d	ENSMUSG00000026275
d	ENSMUSG00000000708
d	ENSMUSG00000027963
d	ENSMUSG00000048878
d	ENSMUSG00000019845
d	ENSMUSG00000002985
d	ENSMUSG00000002325
d	ENSMUSG00000033161
d	ENSMUSG00000028133
d	ENSMUSG00000026728
d	ENSMUSG00000028270
d	ENSMUSG00000042807
d	ENSMUSG00000021500
d	ENSMUSG00000006930
d	ENSMUSG00000073418
d	ENSMUSG00000033578
d	ENSMUSG00000031626
d	ENSMUSG00000030824
d	ENSMUSG00000023094
d	ENSMUSG00000060739
d	ENSMUSG00000040037
d	ENSMUSG00000071649
d	ENSMUSG00000022272
d	ENSMUSG00000025050
d	ENSMUSG00000025665
d	ENSMUSG00000038552
d	ENSMUSG00000024066
d	ENSMUSG00000001604
d	ENSMUSG00000007021
d	ENSMUSG00000032116
d	ENSMUSG00000019894
d	ENSMUSG00000101348
d	ENSMUSG00000018796
d	ENSMUSG00000048612
d	ENSMUSG00000027499
d	ENSMUSG00000031812
d	ENSMUSG00000039661
d	ENSMUSG00000025492
d	ENSMUSG00000023913
d	ENSMUSG00000031292
d	ENSMUSG00000064341
d	ENSMUSG00000028556
d	ENSMUSG00000051483
d	ENSMUSG00000037143
d	ENSMUSG00000000184
d	ENSMUSG00000024339
d	ENSMUSG00000053825
d	ENSMUSG00000056870
d	ENSMUSG00000022790
d	ENSMUSG00000026031
d	ENSMUSG00000030350
d	ENSMUSG00000038524
d	ENSMUSG00000037876
d	ENSMUSG00000019837
d	ENSMUSG00000025025
d	ENSMUSG00000034488
d	ENSMUSG00000033880
d	ENSMUSG00000066551
d	ENSMUSG00000023456
d	ENSMUSG00000025777
d	ENSMUSG00000062044
d	ENSMUSG00000030341
d	ENSMUSG00000090667
d	ENSMUSG00000015401
d	ENSMUSG00000098950
d	ENSMUSG00000046805
d	ENSMUSG00000093909
d	ENSMUSG00000029701
d	ENSMUSG00000042444
d	ENSMUSG00000029076
d	ENSMUSG00000031245
d	ENSMUSG00000023156
d	ENSMUSG00000025239
d	ENSMUSG00000032489
d	ENSMUSG00000036275
d	ENSMUSG00000024642
d	ENSMUSG00000031636
d	ENSMUSG00000033900
d	ENSMUSG00000030342
d	ENSMUSG00000042046
d	ENSMUSG00000029090
d	ENSMUSG00000037712
d	ENSMUSG00000055639
d	ENSMUSG00000029718
d	ENSMUSG00000095041
d	ENSMUSG00000035914
d	ENSMUSG00000019189
d	ENSMUSG00000026365
d	ENSMUSG00000034462
d	ENSMUSG00000060923
d	ENSMUSG00000028777
d	ENSMUSG00000022508
d	ENSMUSG00000006057
d	ENSMUSG00000075700
d	ENSMUSG00000040363
d	ENSMUSG00000051242
d	ENSMUSG00000042082
d	ENSMUSG00000032067
d	ENSMUSG00000014551
d	ENSMUSG00000024735
d	ENSMUSG00000022797
d	ENSMUSG00000031904
d	ENSMUSG00000078853
d	ENSMUSG00000021555
d	ENSMUSG00000002010
d	ENSMUSG00000029580
d	ENSMUSG00000032458
d	ENSMUSG00000022186
d	ENSMUSG00000063952
d	ENSMUSG00000016477
d	ENSMUSG00000054404
d	ENSMUSG00000025151
d	ENSMUSG00000031805
d	ENSMUSG00000039879
d	ENSMUSG00000066643
d	ENSMUSG00000071350
d	ENSMUSG00000043621
d	ENSMUSG00000032570
d	ENSMUSG00000040253
d	ENSMUSG00000022216
d	ENSMUSG00000032959
d	ENSMUSG00000003031
d	ENSMUSG00000035270
d	ENSMUSG00000000915
d	ENSMUSG00000042686
d	ENSMUSG00000028709
d	ENSMUSG00000072889
d	ENSMUSG00000037343
d	ENSMUSG00000069044
d	ENSMUSG00000016763
d	ENSMUSG00000062190
d	ENSMUSG00000038816
d	ENSMUSG00000031709
d	ENSMUSG00000038628
d	ENSMUSG00000035413
d	ENSMUSG00000038418
d	ENSMUSG00000006932
d	ENSMUSG00000023033
d	ENSMUSG00000024096
d	ENSMUSG00000025066
d	ENSMUSG00000032202
d	ENSMUSG00000071866
d	ENSMUSG00000036887
d	ENSMUSG00000020585
d	ENSMUSG00000027668
d	ENSMUSG00000024507
d	ENSMUSG00000062933
d	ENSMUSG00000023186
d	ENSMUSG00000064215
d	ENSMUSG00000034573
d	ENSMUSG00000029826
d	ENSMUSG00000000168
d	ENSMUSG00000060206
d	ENSMUSG00000050628
d	ENSMUSG00000029209
d	ENSMUSG00000055116
d	ENSMUSG00000026204
d	ENSMUSG00000025184
d	ENSMUSG00000091264
d	ENSMUSG00000001774
d	ENSMUSG00000029229
d	ENSMUSG00000021518
d	ENSMUSG00000046324
d	ENSMUSG00000017778
d	ENSMUSG00000036896
d	ENSMUSG00000046841
d	ENSMUSG00000032383
d	ENSMUSG00000027742
d	ENSMUSG00000031333
d	ENSMUSG00000005161
d	ENSMUSG00000031517
d	ENSMUSG00000024935
d	ENSMUSG00000032396
d	ENSMUSG00000029816
d	ENSMUSG00000025534
d	ENSMUSG00000017210
d	ENSMUSG00000024287
d	ENSMUSG00000027010
d	ENSMUSG00000004207
d	ENSMUSG00000005417
d	ENSMUSG00000068699
d	ENSMUSG00000054728
d	ENSMUSG00000110206
d	ENSMUSG00000073139
d	ENSMUSG00000030199
d	ENSMUSG00000021936
d	ENSMUSG00000026662
d	ENSMUSG00000032456
d	ENSMUSG00000016534
d	ENSMUSG00000031570
d	ENSMUSG00000042015
d	ENSMUSG00000031483
d	ENSMUSG00000018567
d	ENSMUSG00000036699
d	ENSMUSG00000091402
d	ENSMUSG00000071076
d	ENSMUSG00000001473
d	ENSMUSG00000022148
d	ENSMUSG00000068011
d	ENSMUSG00000017286
d	ENSMUSG00000025178
d	ENSMUSG00000040483
d	ENSMUSG00000046718
d	ENSMUSG00000031314
d	ENSMUSG00000074457
d	ENSMUSG00000022012
d	ENSMUSG00000051920
d	ENSMUSG00000039989
d	ENSMUSG00000053012
d	ENSMUSG00000109718
d	ENSMUSG00000024335
d	ENSMUSG00000025157
d	ENSMUSG00000026374
d	ENSMUSG00000101939
d	ENSMUSG00000004771
d	ENSMUSG00000040652
d	ENSMUSG00000023723
d	ENSMUSG00000034109
d	ENSMUSG00000028692
d	ENSMUSG00000060568
d	ENSMUSG00000022956
d	ENSMUSG00000001930
d	ENSMUSG00000008153
d	ENSMUSG00000030061
d	ENSMUSG00000091476
d	ENSMUSG00000033111
d	ENSMUSG00000053581
d	ENSMUSG00000022756
d	ENSMUSG00000001729
d	ENSMUSG00000026415
d	ENSMUSG00000033793
d	ENSMUSG00000025868
d	ENSMUSG00000060261
d	ENSMUSG00000027630
d	ENSMUSG00000034467
d	ENSMUSG00000026730
d	ENSMUSG00000000197
d	ENSMUSG00000035885
d	ENSMUSG00000027282
d	ENSMUSG00000063919
d	ENSMUSG00000016256
d	ENSMUSG00000025967
d	ENSMUSG00000046836
d	ENSMUSG00000016481
d	ENSMUSG00000019774
d	ENSMUSG00000038342
d	ENSMUSG00000000711
d	ENSMUSG00000069237
d	ENSMUSG00000019923
d	ENSMUSG00000034706
d	ENSMUSG00000021754
d	ENSMUSG00000040859
d	ENSMUSG00000036334
d	ENSMUSG00000056553
d	ENSMUSG00000004085
d	ENSMUSG00000004113
d	ENSMUSG00000031622
d	ENSMUSG00000022261
d	ENSMUSG00000078515
d	ENSMUSG00000023022
d	ENSMUSG00000031144
d	ENSMUSG00000025202
d	ENSMUSG00000032932
d	ENSMUSG00000059336
d	ENSMUSG00000034868
d	ENSMUSG00000015143
d	ENSMUSG00000078490
d	ENSMUSG00000021748
d	ENSMUSG00000030107
d	ENSMUSG00000058318
d	ENSMUSG00000107928
d	ENSMUSG00000113976
d	ENSMUSG00000036580
d	ENSMUSG00000045427
d	ENSMUSG00000028127
d	ENSMUSG00000042208
d	ENSMUSG00000013622
d	ENSMUSG00000039000
d	ENSMUSG00000037197
d	ENSMUSG00000049502
d	ENSMUSG00000031539
d	ENSMUSG00000079659
d	ENSMUSG00000036478
d	ENSMUSG00000034450
d	ENSMUSG00000021400
d	ENSMUSG00000070498
d	ENSMUSG00000000740
d	ENSMUSG00000044934
d	ENSMUSG00000003923
d	ENSMUSG00000029763
d	ENSMUSG00000064105
d	ENSMUSG00000041329
d	ENSMUSG00000056536
d	ENSMUSG00000020807
d	ENSMUSG00000015647
d	ENSMUSG00000007415
d	ENSMUSG00000026594
d	ENSMUSG00000029063
d	ENSMUSG00000041360
d	ENSMUSG00000027378
d	ENSMUSG00000062203
d	ENSMUSG00000032123
d	ENSMUSG00000038208
d	ENSMUSG00000051469
d	ENSMUSG00000034263
d	ENSMUSG00000021703
d	ENSMUSG00000020857
d	ENSMUSG00000021665
d	ENSMUSG00000012405
d	ENSMUSG00000028274
d	ENSMUSG00000035594
d	ENSMUSG00000029798
d	ENSMUSG00000039263
d	ENSMUSG00000030452
d	ENSMUSG00000056812
d	ENSMUSG00000016409
d	ENSMUSG00000037736
d	ENSMUSG00000055733
d	ENSMUSG00000038127
d	ENSMUSG00000028759
d	ENSMUSG00000075254
d	ENSMUSG00000036905
d	ENSMUSG00000041355
d	ENSMUSG00000048347
d	ENSMUSG00000030862
d	ENSMUSG00000068206
d	ENSMUSG00000000420
d	ENSMUSG00000021982
d	ENSMUSG00000022811
d	ENSMUSG00000021756
d	ENSMUSG00000044461
d	ENSMUSG00000032551
d	ENSMUSG00000021222
d	ENSMUSG00000032172
d	ENSMUSG00000022519
d	ENSMUSG00000036646
d	ENSMUSG00000032382
d	ENSMUSG00000039199
d	ENSMUSG00000061904
d	ENSMUSG00000034780
d	ENSMUSG00000078429
d	ENSMUSG00000033355
d	ENSMUSG00000038213
d	ENSMUSG00000111163
d	ENSMUSG00000038451
d	ENSMUSG00000034173
d	ENSMUSG00000031239
d	ENSMUSG00000001942
d	ENSMUSG00000080316
d	ENSMUSG00000052397
d	ENSMUSG00000019984
d	ENSMUSG00000040170
d	ENSMUSG00000001025
d	ENSMUSG00000049940
d	ENSMUSG00000024766
d	ENSMUSG00000053119
d	ENSMUSG00000026553
d	ENSMUSG00000021428
d	ENSMUSG00000026798
d	ENSMUSG00000035161
d	ENSMUSG00000035901
d	ENSMUSG00000031109
d	ENSMUSG00000055782
d	ENSMUSG00000025968
d	ENSMUSG00000025240
d	ENSMUSG00000029267
d	ENSMUSG00000021820
d	ENSMUSG00000014313
d	ENSMUSG00000038187
d	ENSMUSG00000019877
d	ENSMUSG00000047735
d	ENSMUSG00000020130
d	ENSMUSG00000036751
d	ENSMUSG00000030505
d	ENSMUSG00000072964
d	ENSMUSG00000038619
d	ENSMUSG00000040270
d	ENSMUSG00000047881
d	ENSMUSG00000003721
d	ENSMUSG00000005087
d	ENSMUSG00000031818
e	ENSMUSG00000070327
e	ENSMUSG00000029208
e	ENSMUSG00000074896
e	ENSMUSG00000005198
e	ENSMUSG00000036093
e	ENSMUSG00000043384
e	ENSMUSG00000073411
e	ENSMUSG00000072966
e	ENSMUSG00000026104
e	ENSMUSG00000067369
e	ENSMUSG00000028312
e	ENSMUSG00000022641
e	ENSMUSG00000018474
e	ENSMUSG00000044835
e	ENSMUSG00000015291
e	ENSMUSG00000044783
e	ENSMUSG00000025597
e	ENSMUSG00000014355
e	ENSMUSG00000022661
e	ENSMUSG00000023236
e	ENSMUSG00000022604
e	ENSMUSG00000030850
e	ENSMUSG00000096764
e	ENSMUSG00000038936
e	ENSMUSG00000072969
f	ENSMUSG00000051323
f	ENSMUSG00000051747
f	ENSMUSG00000101878
f	ENSMUSG00000052812
f	ENSMUSG00000047888
f	ENSMUSG00000047507
f	ENSMUSG00000022842
f	ENSMUSG00000041828
f	ENSMUSG00000075316
f	ENSMUSG00000061186
f	ENSMUSG00000037795
f	ENSMUSG00000070372
f	ENSMUSG00000019986
f	ENSMUSG00000016150
f	ENSMUSG00000041380
f	ENSMUSG00000066357
f	ENSMUSG00000029427
f	ENSMUSG00000050505
f	ENSMUSG00000025255
f	ENSMUSG00000066036
f	ENSMUSG00000022533
f	ENSMUSG00000038630
f	ENSMUSG00000051149
f	ENSMUSG00000038173
f	ENSMUSG00000023994
f	ENSMUSG00000022292
f	ENSMUSG00000025199
f	ENSMUSG00000046449
f	ENSMUSG00000038257
f	ENSMUSG00000033208
f	ENSMUSG00000024290
f	ENSMUSG00000025272
f	ENSMUSG00000034801
f	ENSMUSG00000010175
f	ENSMUSG00000022548
f	ENSMUSG00000043463
f	ENSMUSG00000026979
f	ENSMUSG00000043388
f	ENSMUSG00000039126
f	ENSMUSG00000036202
f	ENSMUSG00000045871
f	ENSMUSG00000040943
f	ENSMUSG00000021140
f	ENSMUSG00000054387
f	ENSMUSG00000010505
f	ENSMUSG00000019947
f	ENSMUSG00000057110
f	ENSMUSG00000038540
f	ENSMUSG00000063804
f	ENSMUSG00000036676
f	ENSMUSG00000027206
f	ENSMUSG00000021431
f	ENSMUSG00000061288
f	ENSMUSG00000118608
f	ENSMUSG00000049470
f	ENSMUSG00000025533
f	ENSMUSG00000020176
f	ENSMUSG00000043013
f	ENSMUSG00000035722
f	ENSMUSG00000071658
f	ENSMUSG00000030092
f	ENSMUSG00000000792
f	ENSMUSG00000073591
f	ENSMUSG00000028800
f	ENSMUSG00000061607
f	ENSMUSG00000020680
f	ENSMUSG00000042323
f	ENSMUSG00000069911
f	ENSMUSG00000029817
f	ENSMUSG00000043154
f	ENSMUSG00000049804
f	ENSMUSG00000027469
f	ENSMUSG00000044176
f	ENSMUSG00000037257
f	ENSMUSG00000036777
f	ENSMUSG00000027429
f	ENSMUSG00000007987
f	ENSMUSG00000018412
f	ENSMUSG00000038495
f	ENSMUSG00000024501
f	ENSMUSG00000017718
f	ENSMUSG00000042942
f	ENSMUSG00000022801
f	ENSMUSG00000028933
f	ENSMUSG00000036295
f	ENSMUSG00000021763
f	ENSMUSG00000022521
f	ENSMUSG00000020451
f	ENSMUSG00000034744
f	ENSMUSG00000001138
f	ENSMUSG00000022883
f	ENSMUSG00000024597
f	ENSMUSG00000033487
f	ENSMUSG00000015944
f	ENSMUSG00000042502
f	ENSMUSG00000075376
f	ENSMUSG00000034755
f	ENSMUSG00000040836
f	ENSMUSG00000015970
f	ENSMUSG00000021782
f	ENSMUSG00000020716
f	ENSMUSG00000046020
f	ENSMUSG00000047181
f	ENSMUSG00000039046
f	ENSMUSG00000025937
f	ENSMUSG00000037416
f	ENSMUSG00000020135
f	ENSMUSG00000070047
f	ENSMUSG00000036099
f	ENSMUSG00000031441
f	ENSMUSG00000092329
f	ENSMUSG00000027823
f	ENSMUSG00000039824
f	ENSMUSG00000042121
f	ENSMUSG00000045962
f	ENSMUSG00000048827
f	ENSMUSG00000024050
f	ENSMUSG00000021662
f	ENSMUSG00000034007
f	ENSMUSG00000066129
f	ENSMUSG00000024498
f	ENSMUSG00000030259
f	ENSMUSG00000078899
f	ENSMUSG00000028096
f	ENSMUSG00000022672
f	ENSMUSG00000031246
f	ENSMUSG00000044365
f	ENSMUSG00000022353
f	ENSMUSG00000026411
f	ENSMUSG00000047146
f	ENSMUSG00000038112
f	ENSMUSG00000040140
f	ENSMUSG00000041817
f	ENSMUSG00000090626
f	ENSMUSG00000037857
f	ENSMUSG00000004846
f	ENSMUSG00000018481
f	ENSMUSG00000033054
f	ENSMUSG00000036977
f	ENSMUSG00000045098
f	ENSMUSG00000086477
f	ENSMUSG00000006611
f	ENSMUSG00000042156
f	ENSMUSG00000025579
f	ENSMUSG00000024241
f	ENSMUSG00000034098
f	ENSMUSG00000038056
f	ENSMUSG00000022141
f	ENSMUSG00000040624
f	ENSMUSG00000010721
f	ENSMUSG00000038042
