gene_id	direction
AT1G25145	down
AT2G43020	down
AT1G29951	down
AT2G01422	down
AT2G37450	down
AT5G39280	down
AT5G22570	down
AT2G30810	down
AT2G45110	down
AT4G04420	down
AT1G63057	down
AT1G64830	down
AT4G04223	down
AT4G08114	down
AT2G43580	down
AT3G25420	down
AT2G14610	down
AT1G61688	down
AT1G16390	down
AT2G01029	down
AT3G28899	down
AT3G57240	down
AT5G64810	down
AT1G21850	down
AT4G33840	down
AT1G14880	down
AT2G01930	down
AT5G39270	down
AT3G28510	down
AT3G57260	down
AT2G45760	down
AT1G30700	down
AT1G21240	down
AT5G42520	down
AT1G14685	down
AT4G23520	down
AT1G63055	down
AT2G29480	down
AT4G35725	down
AT2G42560	down
AT5G45690	down
AT4G23150	down
AT4G10500	down
AT4G13495	down
AT5G39300	down
AT3G29590	down
AT1G13520	down
AT2G29120	down
AT3G55677	down
AT1G56520	down
AT4G08109	down
AT2G20208	down
AT1G66570	down
AT2G13810	down
AT3G09940	down
AT5G01900	down
AT1G51780	down
AT5G22540	down
AT4G15735	down
AT1G73260	down
AT4G29285	down
AT4G23350	down
AT1G73607	down
AT1G62440	down
AT4G28140	down
AT3G26830	down
AT5G64750	down
AT1G71530	down
AT2G15042	down
AT5G09730	down
AT1G32350	down
AT3G22000	down
AT3G01220	down
AT4G32105	down
AT1G51860	down
AT3G28600	down
AT2G20880	down
AT2G35980	down
AT1G09080	down
AT3G22235	down
AT1G04360	down
AT3G61280	down
AT5G06090	down
AT3G60140	down
AT1G54230	down
AT5G34825	down
AT2G45840	down
AT3G21520	down
AT1G02920	down
AT1G13470	down
AT2G22510	down
AT5G39290	down
AT2G45220	down
AT2G32370	down
AT4G16870	down
AT2G38380	down
AT2G32890	down
AT4G08112	down
AT1G23720	down
AT1G47890	down
AT1G60190	down
AT3G46090	down
AT3G49620	down
AT1G10585	down
AT4G38410	down
AT3G09220	down
AT1G69818	down
AT4G05100	down
AT3G60010	down
AT5G28415	down
AT3G23725	down
AT2G39030	down
AT3G14530	down
AT3G18400	down
AT2G43570	down
AT4G24930	down
AT1G26420	down
AT5G34885	down
AT2G25440	down
AT2G02515	down
AT3G46080	down
AT5G45510	down
AT1G73610	down
AT5G38005	down
AT3G17520	down
AT3G61340	down
AT5G05220	down
AT2G29490	down
AT3G01290	down
AT1G09350	down
AT1G43160	down
AT2G27505	down
AT4G23370	down
AT3G21950	down
AT3G58865	down
AT4G04500	down
AT1G01400	down
AT4G04840	down
AT5G54165	down
AT1G16950	down
AT5G64060	down
AT4G15680	down
AT4G08770	down
AT2G32680	down
AT5G09480	down
AT5G52000	down
AT3G58250	down
AT4G21440	down
AT5G54190	down
AT2G31085	down
AT2G27880	down
AT3G46690	down
AT2G30750	down
AT2G22080	down
AT1G23700	down
AT2G29470	down
AT5G10140	down
AT5G58840	down
AT3G10580	down
AT1G09370	down
AT3G02670	down
AT3G48640	down
AT3G44042	down
AT3G03341	down
AT1G64210	down
AT5G66270	down
AT2G44810	down
AT4G16910	down
AT1G57630	down
AT2G15080	down
AT1G36060	down
AT5G36910	down
AT2G39855	down
AT2G05540	down
AT1G56415	down
AT1G02360	down
AT2G26560	down
AT5G35600	down
AT4G38080	down
AT5G58860	down
AT5G52050	down
AT4G16892	down
AT5G40390	down
AT3G04280	down
AT2G12440	down
AT1G66860	down
AT1G56600	down
AT2G36780	down
AT4G33467	down
AT2G17690	down
AT3G44860	down
AT3G50740	down
AT5G55690	down
AT4G37990	down
AT1G74660	down
AT1G30730	down
AT1G30160	down
AT5G52570	down
AT5G11210	down
AT4G11890	down
AT5G05340	down
AT3G62960	down
AT2G48140	down
AT4G15660	down
AT5G08360	down
AT3G28470	down
AT4G23360	down
AT3G50970	down
AT1G54890	down
AT3G48850	down
AT5G42800	down
AT4G08115	down
AT3G21890	down
AT3G30720	down
AT2G34100	down
AT3G27250	down
AT1G67980	down
AT3G47380	down
AT2G34500	down
AT5G49340	down
AT2G23540	down
AT1G36622	down
AT3G33377	down
AT1G20070	down
AT3G22231	down
AT1G01725	down
AT4G02520	down
AT4G17220	down
AT3G07970	down
AT1G65610	down
AT4G16260	down
AT4G35030	down
AT5G13080	down
AT4G36350	down
AT3G21720	down
AT5G25250	down
AT2G36640	down
AT1G73603	down
AT5G64820	down
AT1G11070	down
AT4G23260	down
AT4G18170	down
AT1G32950	down
AT5G19110	down
AT1G27270	down
AT3G17680	down
AT3G49110	down
AT5G56370	down
AT2G47770	down
AT5G48657	down
AT5G46380	down
AT5G04950	down
AT3G28915	down
AT3G13950	down
AT2G15390	down
AT3G57157	down
AT2G24850	down
AT3G48231	down
AT2G17220	down
AT4G15670	down
AT4G00920	down
AT5G28030	down
AT5G23190	down
AT3G26614	down
AT1G52690	down
AT5G63590	down
AT2G21830	down
AT1G69320	down
AT1G66110	down
AT3G01420	down
AT3G50400	down
AT1G09932	down
AT4G27410	down
AT5G54060	down
AT1G66700	down
AT5G65080	down
AT4G29450	down
AT1G13340	down
AT4G30180	down
AT1G02940	down
AT5G24080	down
AT4G22880	down
AT2G07042	down
AT1G02930	down
AT5G17340	down
AT1G09510	down
AT3G44300	down
AT3G24510	down
AT5G47450	down
AT1G79840	down
AT3G11340	down
AT4G22620	down
AT5G52310	down
AT3G21030	down
AT5G35490	down
AT5G61890	down
AT3G42658	down
AT1G51270	down
AT3G55780	down
AT5G26920	down
AT5G37690	down
AT5G17500	down
AT1G61120	down
AT2G33010	down
AT1G78720	down
AT1G76930	down
AT3G26742	down
AT2G05914	down
AT1G22340	down
AT5G27895	down
AT4G34400	down
AT3G24520	down
AT1G21120	down
AT3G50560	down
AT3G03828	down
AT1G73480	down
AT1G30260	down
AT3G23930	down
AT2G44790	down
AT5G40940	down
AT3G20960	down
AT4G38390	down
AT4G18350	down
AT4G20670	down
AT5G28626	down
AT3G05380	down
AT5G01075	down
AT4G22070	down
AT1G58225	down
AT5G15160	down
AT1G78070	down
AT5G60080	down
AT2G02061	down
AT2G18690	down
AT3G22620	down
AT3G18550	down
AT3G58850	down
AT5G06570	down
AT3G63060	down
AT1G05950	down
AT1G29920	down
AT1G10340	down
AT3G57920	down
AT3G21800	down
AT1G25141	down
AT5G05840	down
AT4G33120	down
AT5G12420	down
AT3G50260	down
AT1G65390	down
AT4G08100	down
AT1G69260	down
AT2G18300	down
AT3G28210	down
AT5G46260	down
AT5G09530	down
AT1G02340	down
AT2G23590	down
AT3G15670	down
AT3G21780	down
AT2G40370	down
AT2G25330	down
AT1G56360	down
AT2G27050	down
AT4G20680	down
AT1G24220	down
AT2G33020	down
AT1G33960	down
AT2G13550	down
AT1G49500	down
AT1G49310	down
AT5G35480	down
AT5G39160	down
AT3G17220	down
AT1G70890	down
AT1G65500	down
AT1G61700	down
AT3G15356	down
AT2G30130	down
AT3G23250	down
AT1G02460	down
AT1G09500	down
AT1G73890	down
AT5G42380	down
AT4G14370	down
AT1G25054	down
AT2G36750	down
AT5G08030	down
AT5G60950	down
AT1G78440	down
AT4G37370	down
AT3G53830	down
AT1G17420	down
AT1G66760	down
AT3G20975	down
AT3G27025	down
AT2G35640	down
AT5G10760	down
AT1G05320	down
AT3G16530	down
AT4G16160	down
AT1G07610	down
AT1G55820	down
AT2G38920	down
AT2G14210	down
AT4G25530	down
AT1G01480	down
AT4G34580	down
AT1G07340	down
AT1G29910	down
AT1G58889	down
AT3G04720	down
AT1G61340	down
AT1G53270	down
AT5G13600	down
AT1G35230	down
AT5G42230	down
AT5G41315	down
AT5G13130	down
AT5G54470	down
AT3G25882	down
AT2G43590	down
AT5G54300	down
AT4G32870	down
AT2G18660	down
AT4G30090	down
AT1G74870	down
AT1G23840	down
AT3G18570	down
AT3G25770	down
AT2G18340	down
AT3G48520	down
AT1G01030	down
AT3G49830	down
AT3G59030	down
AT2G46790	down
AT4G20860	down
AT1G02450	down
AT5G42460	down
AT1G01560	down
AT1G24580	down
AT2G36770	down
AT1G28480	down
AT2G15650	down
AT2G34180	down
AT1G73805	down
AT3G05160	down
AT5G19230	down
AT5G51530	down
AT2G41850	down
AT1G74890	down
AT1G22760	down
AT3G63380	down
AT2G30250	down
AT5G19190	down
AT2G34700	down
AT3G22060	down
AT4G17550	down
AT5G03350	down
AT5G02550	down
AT1G35170	down
AT5G44210	down
AT5G44980	down
AT5G09370	down
AT3G57020	down
AT5G43420	down
AT3G21040	down
AT2G15620	down
AT3G03530	down
AT3G62930	down
AT1G45145	down
AT1G75540	down
AT2G19190	down
AT5G24110	down
AT2G36630	down
AT5G36220	down
AT2G12450	down
AT5G56980	down
AT5G16010	down
AT1G08230	down
AT2G31220	down
AT2G37180	down
AT1G17920	down
AT5G42260	down
AT4G15690	down
AT1G31710	down
AT2G20550	down
AT5G20710	down
AT2G28680	down
AT3G28315	down
AT2G16060	down
AT3G14540	down
AT1G58340	down
AT1G18773	down
AT2G28305	down
AT1G09540	down
AT3G13900	down
AT2G47485	down
AT1G56650	down
AT3G48360	down
AT4G36740	down
AT5G06980	down
AT1G16400	down
AT5G37950	down
AT4G36470	down
AT2G27035	down
AT3G25180	down
AT1G67920	down
AT5G04370	down
AT4G29905	down
AT1G20135	down
AT1G08940	down
AT1G13670	down
AT2G42170	down
AT3G01830	down
AT5G24160	down
AT2G43610	down
AT2G37360	down
AT2G16910	down
AT3G55500	down
AT5G15500	down
AT4G01870	down
AT2G26580	down
AT2G38640	down
AT2G01520	down
AT5G62850	down
AT1G19050	down
AT5G17460	down
AT4G37400	down
AT1G75030	down
AT2G30830	down
AT1G16260	down
AT4G36850	down
AT2G34170	down
AT3G43190	down
AT5G02020	down
AT5G64770	down
AT3G07350	down
AT5G24530	down
AT3G54950	down
AT1G23935	down
AT4G27657	down
AT3G02510	down
AT5G45470	down
AT1G22430	down
AT5G03620	down
AT4G33800	down
AT3G05460	down
AT5G26630	down
AT3G17150	down
AT2G38760	down
AT3G21990	down
AT4G01700	down
AT1G03220	down
AT3G02150	down
AT5G49480	down
AT3G21000	down
AT5G59760	down
AT5G06610	down
AT3G61890	down
AT5G55090	down
AT2G43010	down
AT4G11030	down
AT5G34871	down
AT1G67260	down
AT1G11080	down
AT4G20320	down
AT4G39830	down
AT3G59480	down
AT1G68500	down
AT5G45490	down
AT5G16720	down
AT3G27400	down
AT5G56970	down
AT3G47090	down
AT4G36670	down
AT5G46960	down
AT3G05630	down
AT1G08730	down
AT4G01525	down
AT3G28580	down
AT5G06820	down
AT1G16370	down
AT1G03940	down
AT1G66230	down
AT5G57810	down
AT2G45850	down
AT4G00730	down
AT1G78850	down
AT1G14870	down
AT3G53230	down
AT5G63750	down
AT4G16990	down
AT1G02400	down
AT4G04220	down
AT5G65170	down
AT1G24600	down
AT3G53960	down
AT5G59220	down
AT2G29350	down
AT4G26090	down
AT3G14440	down
AT3G46660	down
AT2G02450	down
AT4G23140	down
AT5G06530	down
AT5G22390	down
AT5G03210	down
AT1G19490	down
AT3G62950	down
AT2G18700	down
AT3G19030	down
AT5G42900	down
AT5G28646	down
AT4G27520	down
AT2G10410	down
AT2G25680	down
AT1G67220	down
AT2G30630	down
AT3G24503	down
AT5G46540	down
AT2G31210	down
AT3G60390	down
AT3G29040	down
AT5G11130	down
AT1G50310	down
AT3G02140	down
AT4G13840	down
AT4G25990	down
AT3G09405	down
AT4G34000	down
AT5G51105	down
AT2G16505	down
AT2G43820	down
AT5G44640	down
AT3G57670	down
AT5G54170	down
AT5G18470	down
AT5G46795	down
AT3G23030	down
AT3G01300	down
AT1G66960	down
AT5G39860	down
AT2G36590	down
AT1G49600	down
AT1G08050	down
AT1G54560	down
AT1G22690	down
AT2G41940	down
AT5G13100	down
AT4G37390	down
AT3G02060	down
AT1G32940	down
AT2G39700	down
AT1G14580	down
AT1G21130	down
AT2G47270	down
AT3G53310	down
AT1G51800	down
AT5G19875	down
AT4G29000	down
AT5G13205	down
AT2G18350	down
AT2G35300	down
AT2G15960	down
AT3G25010	down
AT4G21390	down
AT2G35650	down
AT1G69480	down
AT3G06070	down
AT1G17940	down
AT2G25940	down
AT5G28913	down
AT5G15190	down
AT2G47670	down
AT5G64120	down
AT3G51490	down
AT2G15970	down
AT3G19270	down
AT5G59240	down
AT3G53180	down
AT1G04310	down
AT1G17990	down
AT3G04620	down
AT3G32980	down
AT4G22530	down
AT5G43170	down
AT2G31865	down
AT1G77450	down
AT1G80840	down
AT1G22275	down
AT5G55400	down
AT5G37810	down
AT2G46660	down
AT1G02050	down
AT5G47070	down
AT1G11990	down
AT5G63160	down
AT5G35390	down
AT5G53486	down
AT5G25140	down
AT4G10260	down
AT2G47180	down
AT4G13180	down
AT5G03890	down
AT1G52430	down
AT1G23940	down
AT5G51850	down
AT4G27310	down
AT5G38200	down
AT2G40520	down
AT3G48410	down
AT2G41290	down
AT3G05640	down
AT3G48115	down
AT5G64230	down
AT4G38760	down
AT5G10170	down
AT4G08670	down
AT5G06250	down
AT1G31310	down
AT3G25760	down
AT1G18280	down
AT2G26330	down
AT2G41870	down
AT1G78160	down
AT3G54890	down
AT5G57050	down
AT1G24400	down
AT4G23060	down
AT1G23480	down
AT1G29290	down
AT2G29440	down
AT1G72070	down
AT5G63320	down
AT3G23920	down
AT3G05360	down
AT5G04140	down
AT3G16220	down
AT2G34420	down
AT5G22270	down
AT3G14770	down
AT1G47580	down
AT4G17970	down
AT4G13230	down
AT5G46590	down
AT2G29460	down
AT5G59580	down
AT4G17070	down
AT2G45050	down
AT2G07560	down
AT1G47510	down
AT5G39670	down
AT2G45450	down
AT5G59120	down
AT5G01600	down
AT5G28470	down
AT1G03495	down
AT1G29720	down
AT5G40260	down
AT2G46370	down
AT5G48140	down
AT1G49730	down
AT5G46940	down
AT5G43180	down
AT2G40750	down
AT3G08560	down
AT1G48100	down
AT5G21020	down
AT2G03200	down
AT3G60930	down
AT3G20340	down
AT1G33700	down
AT5G15850	down
AT1G05340	down
AT1G01470	down
AT5G17420	down
AT1G28390	down
AT3G63530	down
AT2G37170	down
AT2G27690	down
AT3G57460	down
AT4G15920	down
AT1G77120	down
AT5G66650	down
AT3G59060	down
AT2G36380	down
AT1G10470	down
AT4G01026	down
AT4G31620	down
AT5G18910	down
AT5G47640	down
AT1G73920	down
AT2G44080	down
AT1G22400	down
AT1G22190	down
AT2G47990	down
AT1G18960	down
AT4G34770	down
AT3G10910	down
AT3G10912	down
AT5G26200	down
AT1G31040	down
AT4G34610	down
AT3G49940	down
AT4G14365	down
AT4G33666	down
AT2G16750	down
AT1G05810	down
AT5G07070	down
AT5G28290	down
AT1G54450	down
AT1G72770	down
AT1G41830	down
AT3G56260	down
AT3G06220	down
AT4G02280	down
AT2G46830	down
AT1G68360	down
AT2G43620	down
AT1G76380	down
AT5G62310	down
AT2G40990	down
AT3G27870	down
AT5G53190	down
AT5G23360	down
AT1G26945	down
AT2G30500	down
AT4G28780	down
AT3G63240	down
AT1G25580	down
AT3G62260	down
AT5G55480	down
AT5G54510	down
AT5G57660	down
AT5G02810	down
AT5G05100	down
AT3G14520	down
AT5G04250	down
AT4G27950	down
AT3G13610	down
AT1G04670	down
AT3G11050	down
AT1G34355	down
AT4G21380	down
AT5G60850	down
AT4G00310	down
AT3G62090	down
AT5G56750	down
AT3G06500	down
AT4G28490	down
AT1G69570	down
AT1G03457	down
AT3G05650	down
AT5G39420	down
AT1G30820	down
AT3G54720	down
AT4G24960	down
AT5G39090	down
AT4G10440	down
AT2G17820	down
AT5G18270	down
AT3G25780	down
AT5G42440	down
AT1G55152	down
AT5G39610	down
AT1G66880	down
AT1G60140	down
AT3G57010	down
AT1G73390	down
AT3G47580	down
AT3G44940	down
AT1G32190	down
AT5G54200	down
AT4G34970	down
AT5G05190	down
AT3G03910	down
AT3G47470	down
AT5G58460	down
AT5G15600	down
AT5G65450	down
AT3G20640	down
AT1G64380	down
AT5G58070	down
AT1G30760	down
AT3G16800	down
AT4G28100	down
AT2G05100	down
AT1G01720	down
AT3G04630	down
AT2G37580	down
AT1G11130	down
AT4G33860	down
AT4G37540	down
AT2G32220	down
AT5G23120	down
AT5G43150	down
AT2G05910	down
AT5G40850	down
AT5G59790	down
AT1G69252	down
AT2G32160	down
AT2G05070	down
AT3G48720	down
AT3G51440	down
AT2G19810	down
AT3G63210	down
AT5G56510	down
AT5G08630	down
AT3G47620	down
AT3G48100	down
AT5G04340	down
AT3G01820	down
AT3G53420	down
AT1G52570	down
AT4G17340	down
AT2G46310	down
AT3G01860	down
AT3G57760	down
AT1G79270	down
AT2G43800	down
AT5G61010	down
AT4G36090	down
AT4G10290	down
AT5G41750	down
AT1G75040	down
AT4G36500	down
AT2G29650	down
AT5G61680	down
AT3G18010	down
AT1G76970	down
AT1G33360	down
AT2G28380	down
AT3G11600	down
AT2G39850	down
AT1G34210	down
AT1G05570	down
AT4G34850	down
AT3G51895	down
AT2G28890	down
AT1G69610	down
AT5G22250	down
AT3G43270	down
AT3G51920	down
AT4G02810	down
AT1G05680	down
AT3G53460	down
AT5G65160	down
AT2G33380	down
AT1G61890	down
AT1G29930	down
AT4G25670	down
AT5G13180	down
AT4G34120	down
AT1G18650	down
AT5G38130	down
AT3G25717	down
AT2G31410	down
AT2G26355	down
AT4G21120	down
AT5G61020	down
AT1G03710	down
AT1G78950	down
AT5G13170	down
AT2G14878	down
AT1G67800	down
AT1G55860	down
AT2G23360	down
AT4G37250	down
AT3G28200	down
AT5G66080	down
AT1G74790	down
AT2G03760	down
AT2G39200	down
AT2G31400	down
AT2G26690	down
AT2G37640	down
AT1G62570	down
AT4G36010	down
AT3G25440	down
AT1G68320	down
AT1G51130	down
AT5G24280	down
AT4G05020	down
AT2G31880	down
AT2G26980	down
AT3G55100	down
AT4G37790	down
AT5G06110	down
AT5G49800	down
AT3G50950	down
AT4G31780	down
AT5G22300	down
AT4G35780	down
AT4G34881	down
AT5G62190	down
AT1G62930	down
AT2G47440	down
AT1G16960	down
AT3G25890	down
AT2G34655	down
AT1G22030	down
AT5G60930	down
AT1G22650	down
AT5G56210	down
AT5G26340	down
AT1G03400	down
AT3G13222	down
AT3G44050	down
AT5G02480	down
AT1G27730	down
AT2G21240	down
AT1G63980	down
AT4G14080	down
AT5G53050	down
AT1G05630	down
AT3G27415	down
AT4G36930	down
AT3G15990	down
AT4G12620	down
AT1G12580	down
AT5G01100	down
AT2G27500	down
AT1G25550	down
AT5G53460	down
AT4G09670	down
AT5G01890	down
AT4G12410	down
AT1G65480	down
AT1G75180	down
AT4G16860	down
AT1G15460	down
AT4G14560	down
AT1G08000	down
AT4G36730	down
AT1G06850	down
AT5G48412	down
AT2G40230	down
AT5G63580	down
AT5G60790	down
AT3G62130	down
AT2G41550	down
AT3G09710	down
AT1G52980	down
AT2G22800	down
AT5G53970	down
AT5G53200	down
AT4G12000	down
AT2G44260	down
AT3G11450	down
AT4G08980	down
AT5G39660	down
AT3G56210	down
AT1G54860	down
AT1G17110	down
AT5G42950	down
AT5G15330	down
AT3G06250	down
AT2G20635	down
AT2G13790	down
AT2G31585	down
AT5G57910	down
AT1G47530	down
AT1G01110	down
AT3G61430	down
AT1G71030	down
AT1G07630	down
AT3G50890	down
AT2G22470	down
AT1G01780	down
AT4G14740	down
AT4G16141	down
AT4G21570	down
AT1G51745	down
AT3G58050	down
AT4G18050	down
AT3G12915	down
AT3G54080	down
AT2G25900	down
AT2G25620	down
AT4G35160	down
AT3G15210	down
AT5G66052	down
AT5G14050	down
AT2G47420	down
AT5G43330	down
AT1G33110	down
AT4G01120	down
AT1G58235	down
AT5G20950	down
AT1G13170	down
AT1G76520	down
AT4G29840	down
AT4G26760	down
AT1G08500	down
AT5G64170	down
AT2G24990	down
AT1G12420	down
AT5G15650	down
AT1G04530	down
AT5G18310	down
AT1G06080	down
AT5G13200	down
AT1G29330	down
AT2G24500	down
AT4G27260	down
AT3G19100	down
AT4G09830	down
AT5G38850	down
AT1G08450	down
AT2G31955	down
AT5G05480	down
AT5G50670	down
AT5G12480	down
AT5G38120	down
AT1G01620	down
AT4G29950	down
AT4G08390	down
AT3G23050	down
AT1G61520	down
AT4G10960	down
AT1G62710	down
AT2G03090	down
AT4G13990	down
AT5G15870	down
AT1G77680	down
AT5G23430	down
AT5G13320	down
AT4G15780	down
AT5G59130	down
AT2G40130	down
AT1G34370	down
AT2G13680	down
AT1G69270	down
AT3G28820	down
AT1G77080	down
AT4G32060	down
AT2G46510	down
AT4G25290	down
AT2G44940	down
AT1G19400	down
AT5G42990	down
AT5G53140	down
AT1G30270	down
AT1G49760	down
AT3G54500	down
AT2G35630	down
AT5G13630	down
AT5G02840	down
AT2G34430	down
AT3G55340	down
AT1G01650	down
AT5G14760	down
AT1G63180	down
AT5G15310	down
AT4G30490	down
AT4G03400	down
AT3G62110	down
AT4G30410	down
AT3G16910	down
AT2G04080	down
AT5G27350	down
AT2G16700	down
AT5G14520	down
AT5G41810	down
AT5G11520	down
AT5G62350	down
AT4G02820	down
AT2G37400	down
AT2G36930	down
AT1G55570	down
AT3G12320	down
AT1G61740	down
AT3G27470	down
AT5G67240	down
AT2G22450	down
AT3G13510	down
AT1G64400	down
AT5G16750	down
AT5G25780	down
AT2G30070	down
AT5G26742	down
AT3G54960	down
AT1G78080	down
AT5G62220	down
AT2G23000	down
AT4G35560	down
AT4G25040	down
AT5G55970	down
AT1G06040	down
AT4G19960	down
AT4G25320	down
AT1G53490	down
AT2G30740	down
AT2G47730	down
AT1G79520	down
AT2G20300	down
AT3G03710	down
AT1G58200	down
AT2G18110	down
AT5G07920	down
AT1G44350	down
AT5G42570	down
AT5G19820	down
AT5G09550	down
AT5G48240	down
AT1G35516	down
AT2G38010	down
AT5G20600	down
AT1G78230	down
AT4G00440	down
AT5G59480	down
AT4G39800	down
AT5G11720	down
AT5G55070	down
AT5G12900	down
AT3G61580	down
AT1G69830	down
AT5G25475	down
AT1G18850	down
AT5G43450	down
AT1G20670	down
AT1G21380	down
AT3G12920	down
AT4G34740	down
AT5G48150	down
AT2G38000	down
AT1G70610	down
AT1G27470	down
AT1G57610	down
AT1G12650	down
AT5G52820	down
AT5G24690	down
AT1G09910	down
AT3G13870	down
AT4G25030	down
AT1G80750	down
AT3G07880	down
AT4G02220	down
AT2G23320	down
AT4G35550	down
AT3G18600	down
AT2G42500	down
AT2G28600	down
AT5G05060	down
AT3G54790	down
AT4G24020	down
AT4G04340	up
AT5G65460	up
AT3G47860	up
AT3G49500	up
AT1G53910	up
AT1G54340	up
AT3G13320	up
AT1G08260	up
AT5G42980	up
AT4G11820	up
AT4G14070	up
AT5G19780	up
AT4G20010	up
AT1G23080	up
AT1G13270	up
AT4G38620	up
AT4G36380	up
AT3G02040	up
AT5G37770	up
AT5G11530	up
AT3G61070	up
AT4G01840	up
AT5G61460	up
AT3G18820	up
AT1G43900	up
AT5G11070	up
AT1G27460	up
AT2G26510	up
AT5G48960	up
AT2G30720	up
AT5G18480	up
AT3G05990	up
AT2G36310	up
AT3G15690	up
AT5G10160	up
AT3G54750	up
AT1G35460	up
AT1G29040	up
AT3G47590	up
AT4G15940	up
AT1G20560	up
AT5G02790	up
AT1G58440	up
AT3G23490	up
AT4G02370	up
AT1G09850	up
AT3G19000	up
AT1G14980	up
AT3G15030	up
AT1G52880	up
AT1G02816	up
AT1G25220	up
AT4G22240	up
AT5G17010	up
AT5G17520	up
AT1G65970	up
AT1G07380	up
AT4G19160	up
AT3G45310	up
AT1G04350	up
AT4G09340	up
AT1G02300	up
AT1G27385	up
AT1G75270	up
AT5G07830	up
AT5G35560	up
AT3G02870	up
AT3G57800	up
AT5G19380	up
AT4G01610	up
AT4G33640	up
AT5G41120	up
AT4G33625	up
AT2G34690	up
AT3G06590	up
AT3G03110	up
AT3G20280	up
AT5G45280	up
AT2G35635	up
AT1G77600	up
AT3G55980	up
AT2G22480	up
AT5G54800	up
AT4G09200	up
AT4G09310	up
AT1G07230	up
AT5G45720	up
AT5G53760	up
AT2G20900	up
AT1G14360	up
AT4G30440	up
AT3G01930	up
AT5G02100	up
AT5G23210	up
AT5G57830	up
AT1G75380	up
AT3G45640	up
AT5G48460	up
AT1G26960	up
AT1G03310	up
AT5G41990	up
AT5G41992	up
AT5G58970	up
AT1G01430	up
AT1G78820	up
AT5G19140	up
AT3G21230	up
AT5G21100	up
AT1G54630	up
AT3G03640	up
AT1G74090	up
AT5G17310	up
AT3G06550	up
AT5G40370	up
AT1G53230	up
AT1G28100	up
AT2G32560	up
AT1G14690	up
AT3G50530	up
AT4G17870	up
AT5G03140	up
AT3G58790	up
AT5G48900	up
AT3G59140	up
AT1G55140	up
AT2G44210	up
AT1G32860	up
AT1G55520	up
AT4G12980	up
AT5G63930	up
AT1G47240	up
AT5G20120	up
AT5G45550	up
AT1G12050	up
AT3G12610	up
AT3G14410	up
AT2G28950	up
AT1G78680	up
AT1G77320	up
AT1G29170	up
AT1G74210	up
AT5G66750	up
AT3G27580	up
AT1G56140	up
AT1G51940	up
AT2G39890	up
AT5G26570	up
AT4G13360	up
AT1G19570	up
AT2G35810	up
AT1G05060	up
AT3G17250	up
AT5G18200	up
AT5G59700	up
AT1G72630	up
AT4G14680	up
AT5G01630	up
AT3G09390	up
AT5G23280	up
AT1G06640	up
AT3G22760	up
AT1G11800	up
AT5G63850	up
AT5G25900	up
AT5G63710	up
AT4G38650	up
AT1G12880	up
AT1G29530	up
AT5G16240	up
AT5G47060	up
AT1G60740	up
AT4G39210	up
AT1G63160	up
AT1G54580	up
AT1G15260	up
AT3G52470	up
AT5G65020	up
AT1G79530	up
AT2G26170	up
AT3G51420	up
AT1G17100	up
AT4G02540	up
AT5G24420	up
AT1G61000	up
AT1G68260	up
AT2G20700	up
AT1G69120	up
AT4G24210	up
AT2G16630	up
AT5G66590	up
AT2G43780	up
AT2G31070	up
AT5G43745	up
AT5G54240	up
AT3G54140	up
AT3G05120	up
AT2G24280	up
AT4G16360	up
AT1G75280	up
AT3G46540	up
AT1G13280	up
AT1G16880	up
AT2G46620	up
AT3G55730	up
AT5G24760	up
AT5G23050	up
AT5G03630	up
AT1G79710	up
AT4G03230	up
AT2G04240	up
AT5G20700	up
AT2G25190	up
AT5G59810	up
AT2G03980	up
AT5G45960	up
AT1G27980	up
AT3G13450	up
AT5G13240	up
AT1G18880	up
AT1G72300	up
AT3G12520	up
AT3G16040	up
AT1G35180	up
AT5G63410	up
AT3G05030	up
AT2G24220	up
AT3G24560	up
AT2G29340	up
AT3G09150	up
AT2G29670	up
AT2G34490	up
AT5G20010	up
AT4G24350	up
AT4G01900	up
AT3G02050	up
AT4G38730	up
AT1G14040	up
AT5G24770	up
AT2G45290	up
AT5G15860	up
AT5G38420	up
AT2G44280	up
AT3G01980	up
AT3G24360	up
AT5G23530	up
AT3G59430	up
AT1G07350	up
AT4G14010	up
AT2G17230	up
AT1G14820	up
AT2G35190	up
AT1G70090	up
AT5G48880	up
AT4G11320	up
AT3G01230	up
AT1G20090	up
AT1G18210	up
AT3G27810	up
AT1G64270	up
AT2G17280	up
AT1G56080	up
AT2G22970	up
AT2G16530	up
AT2G43910	up
AT5G63950	up
AT2G36050	up
AT1G25275	up
AT3G15353	up
AT3G23910	up
AT4G32980	up
AT3G54820	up
AT2G43550	up
AT1G54820	up
AT5G27000	up
AT2G21940	up
AT2G20100	up
AT3G05910	up
AT5G56040	up
AT4G09020	up
AT4G38460	up
AT1G22410	up
AT3G61150	up
AT4G30060	up
AT3G11280	up
AT5G48640	up
AT1G23060	up
AT4G23760	up
AT2G41540	up
AT3G16570	up
AT4G26590	up
AT3G50660	up
AT1G56700	up
AT4G32710	up
AT3G62820	up
AT5G13960	up
AT3G48740	up
AT1G13910	up
AT2G34510	up
AT4G13510	up
AT1G68760	up
AT1G80540	up
AT3G27060	up
AT5G59470	up
AT1G69410	up
AT2G43340	up
AT4G24670	up
AT5G24860	up
AT3G47340	up
AT2G15090	up
AT5G43600	up
AT3G57520	up
AT5G23400	up
AT5G03390	up
AT5G56640	up
AT3G59210	up
AT1G30210	up
AT3G18730	up
AT1G14430	up
AT1G01630	up
AT1G51340	up
AT1G13210	up
AT1G10657	up
AT1G09000	up
AT4G27580	up
AT1G74940	up
AT2G38120	up
AT5G08640	up
AT1G17430	up
AT4G24240	up
AT3G29770	up
AT1G77920	up
AT1G28580	up
AT3G28050	up
AT3G19553	up
AT3G07410	up
AT5G18370	up
AT3G28100	up
AT2G29320	up
AT1G58280	up
AT2G44670	up
AT3G52500	up
AT1G48600	up
AT4G27730	up
AT4G10280	up
AT5G15030	up
AT2G19572	up
AT1G68600	up
AT1G70410	up
AT1G72830	up
AT4G37870	up
AT1G25330	up
AT1G44100	up
AT1G08840	up
AT4G17900	up
AT4G37560	up
AT3G26180	up
AT4G22730	up
AT3G07460	up
AT1G11160	up
AT5G56660	up
AT1G30410	up
AT5G20050	up
AT5G26680	up
AT2G41475	up
AT1G01370	up
AT3G16470	up
AT1G52400	up
AT5G20830	up
AT3G10150	up
AT4G23690	up
AT5G35450	up
AT2G19310	up
AT5G54250	up
AT2G18730	up
AT2G30860	up
AT1G22540	up
AT4G08290	up
AT3G44260	up
AT1G63840	up
AT2G04160	up
AT1G75388	up
AT3G09910	up
AT5G44870	up
AT2G33770	up
AT2G27960	up
AT5G07810	up
AT3G12700	up
AT3G46940	up
AT4G09460	up
AT4G11130	up
AT1G14990	up
AT5G07240	up
AT5G39850	up
AT5G40670	up
AT5G51810	up
AT4G12910	up
AT5G44020	up
AT2G46950	up
AT2G41640	up
AT5G02380	up
AT3G12110	up
AT4G12960	up
AT5G45780	up
AT1G23030	up
AT1G72930	up
AT3G14870	up
AT3G05400	up
AT1G23010	up
AT5G04360	up
AT5G24010	up
AT3G21420	up
AT1G29050	up
AT4G25830	up
AT5G23510	up
AT5G17450	up
AT4G15540	up
AT1G75390	up
AT4G22010	up
AT5G57887	up
AT5G53750	up
AT5G10770	up
AT1G51520	up
AT2G32400	up
AT3G56240	up
AT1G06520	up
AT5G42680	up
AT5G45950	up
AT2G32390	up
AT2G44290	up
AT2G37460	up
AT3G19150	up
AT2G39710	up
AT1G72260	up
AT5G16190	up
AT3G61210	up
AT1G18140	up
AT5G49960	up
AT3G28080	up
AT5G65710	up
AT2G03310	up
AT4G01897	up
AT4G25010	up
AT1G29630	up
AT4G00870	up
AT4G31500	up
AT5G04860	up
AT4G27860	up
AT3G52290	up
AT1G61680	up
AT2G05810	up
AT4G16447	up
AT4G17260	up
AT2G15570	up
AT1G63260	up
AT4G00150	up
AT2G45280	up
AT4G05110	up
AT5G13360	up
AT1G67865	up
AT3G01410	up
AT3G07470	up
AT3G45230	up
AT1G78770	up
AT1G78780	up
AT3G07010	up
AT2G20340	up
AT4G25000	up
AT4G22840	up
AT5G07660	up
AT3G20520	up
AT1G63800	up
AT2G38540	up
AT1G68610	up
AT2G32120	up
AT4G03070	up
AT1G02070	up
AT1G75290	up
AT1G80190	up
AT3G20100	up
AT3G13640	up
AT1G17190	up
AT4G14570	up
AT1G18590	up
AT3G03700	up
AT3G14310	up
AT1G06460	up
AT4G40010	up
AT3G55870	up
AT5G62520	up
AT5G08260	up
AT5G18240	up
AT1G26210	up
AT5G20670	up
AT5G37740	up
AT3G26700	up
AT5G64850	up
AT3G50060	up
AT4G21480	up
AT4G01080	up
AT5G19060	up
AT1G78000	up
AT3G10525	up
AT4G12290	up
AT1G68570	up
AT4G37450	up
AT1G25230	up
AT5G50800	up
AT3G15720	up
AT4G18930	up
AT2G45560	up
AT4G39950	up
AT3G53140	up
AT3G44310	up
AT4G10380	up
AT4G15620	up
AT2G39180	up
AT1G75110	up
AT4G36032	up
AT2G19130	up
AT2G43530	up
AT4G02130	up
AT5G67160	up
AT4G24380	up
AT4G39955	up
AT3G55740	up
AT5G38320	up
AT3G12750	up
AT5G13580	up
AT3G45940	up
AT4G25240	up
AT5G16440	up
AT1G52750	up
AT1G52030	up
AT4G19420	up
AT3G62610	up
AT1G30280	up
AT1G21460	up
AT4G37520	up
AT3G24810	up
AT1G65800	up
AT3G28340	up
AT1G07050	up
AT3G09660	up
AT4G11990	up
AT1G55740	up
AT2G47160	up
AT1G49130	up
AT2G01120	up
AT2G14050	up
AT4G00780	up
AT3G17070	up
AT5G53550	up
AT1G65450	up
AT1G65150	up
AT4G21590	up
AT2G17470	up
AT3G23570	up
AT3G10320	up
AT1G53130	up
AT4G33490	up
AT2G17650	up
AT4G04955	up
AT2G42300	up
AT1G21550	up
AT1G54790	up
AT5G47910	up
AT1G16705	up
AT5G40348	up
AT3G25570	up
AT4G30140	up
AT2G27060	up
AT5G07580	up
AT5G22500	up
AT4G35750	up
AT3G62040	up
AT1G15380	up
AT2G32795	up
AT4G35770	up
AT2G21260	up
AT2G25790	up
AT5G10380	up
AT1G07440	up
AT1G35260	up
AT1G44800	up
AT2G40080	up
AT5G40360	up
AT1G24575	up
AT1G29660	up
AT5G02430	up
AT3G13730	up
AT1G50620	up
AT1G02470	up
AT1G70230	up
AT2G32280	up
AT1G07280	up
AT1G22380	up
AT1G71890	up
AT4G36410	up
AT2G28650	up
AT2G40970	up
AT4G29140	up
AT3G26490	up
AT3G20130	up
AT2G19910	up
AT5G65730	up
AT3G63010	up
AT1G69310	up
AT5G41550	up
AT3G12145	up
AT1G52040	up
AT5G23010	up
AT4G37800	up
AT3G18630	up
AT1G27880	up
AT3G10985	up
AT1G71691	up
AT3G58200	up
AT5G03120	up
AT1G33560	up
AT3G22510	up
AT5G28020	up
AT4G28900	up
AT1G60930	up
AT2G03530	up
AT5G47920	up
AT4G16370	up
AT1G26540	up
AT4G00165	up
AT3G11430	up
AT3G17330	up
AT1G10020	up
AT4G21910	up
AT1G25510	up
AT2G27430	up
AT4G38420	up
AT2G17880	up
AT3G62150	up
AT5G50040	up
AT4G30290	up
AT1G55200	up
AT2G40435	up
AT3G14620	up
AT5G12110	up
AT5G67340	up
AT3G16720	up
AT1G72600	up
AT4G30610	up
AT4G17480	up
AT1G72940	up
AT1G55020	up
AT3G44320	up
AT1G55915	up
AT3G43800	up
AT1G64405	up
AT1G72430	up
AT3G57950	up
AT5G17860	up
AT1G66120	up
AT3G26960	up
AT3G12000	up
AT1G29490	up
AT5G53370	up
AT1G55260	up
AT5G26310	up
AT1G24070	up
AT3G28070	up
AT1G53233	up
AT3G54120	up
AT5G40350	up
AT4G14730	up
AT1G62190	up
AT5G60580	up
AT5G49740	up
AT2G32880	up
AT1G23205	up
AT1G67265	up
AT3G42180	up
AT4G19840	up
AT5G14450	up
AT2G43840	up
AT3G45140	up
AT5G22140	up
AT4G11280	up
AT4G24450	up
AT3G26510	up
AT3G43790	up
AT1G35310	up
AT3G22880	up
AT1G10540	up
AT2G36790	up
AT3G51075	up
AT1G12480	up
AT5G07990	up
AT1G53070	up
AT5G61590	up
AT3G13662	up
AT5G61520	up
AT5G28650	up
AT1G55330	up
AT3G59010	up
AT1G56010	up
AT2G39920	up
AT1G78670	up
AT5G55050	up
AT1G60630	up
AT5G54560	up
AT3G47350	up
AT4G26490	up
AT4G30270	up
AT3G24110	up
AT2G30230	up
AT1G06645	up
AT3G15300	up
AT3G60660	up
AT1G17460	up
AT1G22740	up
AT3G12730	up
AT5G22980	up
AT4G18540	up
AT4G01720	up
AT2G16050	up
AT5G44680	up
AT1G22590	up
AT1G08860	up
AT5G50080	up
AT2G37330	up
AT1G33790	up
AT2G35950	up
AT4G39070	up
AT3G52070	up
AT2G38465	up
AT5G60250	up
AT3G26840	up
AT4G17490	up
AT4G28270	up
AT2G48030	up
AT1G80130	up
AT3G04030	up
AT2G18600	up
AT2G32290	up
AT1G11420	up
AT1G78090	up
AT4G15960	up
AT1G69450	up
AT1G77020	up
AT5G51920	up
AT4G13790	up
AT1G72130	up
AT2G19800	up
AT5G42200	up
AT2G45720	up
AT2G31730	up
AT4G08950	up
AT3G20810	up
AT3G53340	up
AT1G34760	up
AT1G57990	up
AT4G23680	up
AT1G78370	up
AT4G31910	up
AT1G20160	up
AT5G50160	up
AT3G15950	up
AT3G45970	up
AT3G15115	up
AT1G15310	up
AT5G56747	up
AT1G75300	up
AT4G16265	up
AT2G14900	up
AT2G39330	up
AT5G49180	up
AT1G61130	up
AT1G53887	up
AT5G58570	up
AT3G28270	up
AT1G02850	up
AT2G06950	up
AT2G46600	up
AT5G49730	up
AT4G13266	up
AT1G50750	up
AT1G49470	up
AT4G14130	up
AT2G42835	up
AT1G52342	up
AT5G11400	up
AT5G18290	up
AT3G22240	up
AT3G07340	up
AT5G10625	up
AT5G23660	up
AT2G25540	up
AT3G14380	up
AT1G15385	up
AT3G03480	up
AT2G41090	up
AT2G38940	up
AT4G12890	up
AT3G23730	up
AT2G40260	up
AT1G68825	up
AT5G08600	up
AT1G01750	up
AT1G74300	up
AT1G08890	up
AT4G31100	up
AT1G57590	up
AT5G25470	up
AT1G55910	up
AT5G57840	up
AT4G33610	up
AT5G36110	up
AT3G28160	up
AT5G38900	up
AT4G12917	up
AT4G31110	up
AT5G47230	up
AT4G29700	up
AT4G02390	up
AT5G39220	up
AT5G14200	up
AT5G64910	up
AT4G03210	up
AT5G26220	up
AT1G06090	up
AT5G01870	up
AT1G20190	up
AT2G33850	up
AT4G16590	up
AT1G32300	up
AT5G03640	up
AT2G03590	up
AT4G27280	up
AT4G14040	up
AT1G12200	up
AT1G61560	up
AT5G20820	up
AT5G23240	up
AT2G43795	up
AT1G47960	up
AT5G14150	up
AT1G28570	up
AT3G05190	up
AT1G24320	up
AT5G45440	up
AT5G26120	up
AT1G24530	up
AT4G31660	up
AT1G14520	up
AT3G15270	up
AT1G77380	up
AT5G57560	up
AT1G47565	up
AT1G56710	up
AT4G05590	up
AT1G05400	up
AT3G62550	up
AT4G23600	up
AT3G24420	up
AT3G13130	up
AT3G14210	up
AT3G02020	up
AT1G22230	up
AT1G35140	up
AT1G68870	up
AT1G75750	up
AT1G77990	up
AT5G07460	up
AT5G37170	up
AT2G24210	up
AT3G14020	up
AT3G11385	up
AT2G29290	up
AT1G05450	up
AT5G38280	up
AT2G36970	up
AT1G44542	up
AT5G51190	up
AT4G23300	up
AT3G06600	up
AT4G21630	up
AT5G20260	up
AT4G11210	up
AT2G45580	up
AT4G37140	up
AT2G28460	up
AT1G14750	up
AT5G14565	up
AT2G34960	up
AT1G74458	up
AT5G02200	up
AT4G15210	up
AT4G22214	up
AT1G24625	up
AT1G72910	up
AT2G36792	up
AT2G19900	up
AT5G65510	up
AT4G12580	up
AT2G17490	up
AT5G23960	up
AT3G53980	up
AT2G27402	up
AT5G52020	up
AT3G51400	up
AT5G61600	up
AT5G44350	up
AT5G35732	up
AT1G67470	up
AT2G45180	up
AT4G14020	up
AT5G40100	up
AT2G27240	up
AT2G03250	up
AT5G55410	up
AT4G04570	up
AT1G72920	up
AT2G36090	up
AT4G27250	up
AT3G45960	up
AT1G34060	up
AT5G25970	up
AT3G03670	up
AT4G11230	up
AT2G23010	up
AT4G18360	up
AT4G14650	up
AT4G19430	up
AT1G33612	up
AT1G72140	up
AT4G11190	up
AT5G43040	up
AT3G08860	up
AT2G17000	up
AT5G51870	up
AT1G73325	up
AT1G30220	up
AT4G04510	up
AT5G41380	up
AT5G05365	up
AT1G67370	up
AT4G22640	up
AT1G64260	up
AT4G21640	up
AT1G24650	up
AT1G47395	up
AT2G41800	up
AT4G26420	up
AT1G69100	up
AT1G59730	up
AT5G06510	up
AT5G18840	up
AT5G51330	up
AT1G69860	up
AT2G36120	up
AT1G34040	up
AT2G39430	up
AT5G55010	up
AT4G17030	up
AT1G70985	up
AT3G60000	up
AT1G48400	up
AT1G20310	up
AT2G43440	up
AT2G32487	up
AT4G11290	up
AT1G13430	up
AT3G11110	up
AT3G20210	up
AT2G21650	up
AT1G65890	up
AT4G16563	up
AT1G10220	up
AT1G13100	up
AT1G20680	up
AT2G41480	up
AT4G14400	up
AT5G19880	up
AT5G57530	up
AT1G70460	up
AT5G56700	up
AT4G03610	up
AT1G64240	up
AT3G01960	up
AT5G57420	up
AT1G44130	up
AT2G44460	up
AT1G09157	up
AT3G60940	up
AT5G53250	up
AT1G27580	up
AT1G11370	up
AT4G26950	up
AT2G01960	up
AT5G46300	up
ATMG00290	up
AT5G37800	up
AT2G39370	up
AT4G04830	up
AT2G32300	up
AT2G30766	up
AT5G57550	up
AT2G24080	up
AT5G35935	up
AT1G14688	up
